/*
SQLyog Community v13.1.6 (64 bit)
MySQL - 10.4.25-MariaDB : Database - cts
*********************************************************************
*/

/*!40101 SET NAMES utf8 */;

/*!40101 SET SQL_MODE=''*/;

/*!40014 SET @OLD_UNIQUE_CHECKS=@@UNIQUE_CHECKS, UNIQUE_CHECKS=0 */;
/*!40014 SET @OLD_FOREIGN_KEY_CHECKS=@@FOREIGN_KEY_CHECKS, FOREIGN_KEY_CHECKS=0 */;
/*!40101 SET @OLD_SQL_MODE=@@SQL_MODE, SQL_MODE='NO_AUTO_VALUE_ON_ZERO' */;
/*!40111 SET @OLD_SQL_NOTES=@@SQL_NOTES, SQL_NOTES=0 */;
CREATE DATABASE /*!32312 IF NOT EXISTS*/`cts` /*!40100 DEFAULT CHARACTER SET latin1 */;

USE `cts`;

/*Table structure for table `app` */

DROP TABLE IF EXISTS `app`;

CREATE TABLE `app` (
  `app_id` int(11) NOT NULL AUTO_INCREMENT,
  `child_id` int(11) DEFAULT NULL,
  `app_dtls` varchar(50) DEFAULT NULL,
  PRIMARY KEY (`app_id`)
) ENGINE=InnoDB AUTO_INCREMENT=298 DEFAULT CHARSET=latin1;

/*Data for the table `app` */

insert  into `app`(`app_id`,`child_id`,`app_dtls`) values 
(1,3,'AppAdvisor'),
(2,3,'com.android.cts.priv.ctsshim'),
(3,3,'YouTube'),
(4,3,'Camera'),
(5,3,'Tips'),
(6,3,'Android Services Library'),
(7,3,'Huawei Home'),
(8,3,'Music'),
(9,3,'EuiReceive'),
(10,3,'Phone/Messaging Storage'),
(11,3,'Google'),
(12,3,'Recorder'),
(13,3,'Calendar Storage'),
(14,3,'Ride mode'),
(15,3,'Files'),
(16,3,'hiview'),
(17,3,'com.huawei.iaware'),
(18,3,'Import via Bluetooth'),
(19,3,'Media Storage'),
(20,3,'Microsoft SwiftKey Keyboard'),
(21,3,'Docs'),
(22,3,'Themes'),
(23,3,'HwChrService'),
(24,3,'Huawei Services Framework'),
(25,3,'Google One Time Init'),
(26,3,'Android Shared Library'),
(27,3,'com.android.wallpapercropper'),
(28,3,'com.quicinc.cne.CNEService.CNEServiceApp'),
(29,3,'Navigation dock'),
(30,3,'com.google.android.overlay.managedprovisioning'),
(31,3,'Motions'),
(32,3,'SmartcardService'),
(33,3,'AppGallery'),
(34,3,'External Storage'),
(35,3,'Honor Store'),
(36,3,'FM Radio'),
(37,3,'HTML Viewer'),
(38,3,'Companion Device Manager'),
(39,3,'E-Commerce'),
(40,3,'MmsService'),
(41,3,'Sheets'),
(42,3,'Weather Data Service'),
(43,3,'Slides'),
(44,3,'Download Manager'),
(45,3,'Game Suite'),
(46,3,'HONOR Club'),
(47,3,'Support'),
(48,3,'Screen recording'),
(49,3,'PartnerNetflixActivation'),
(50,3,'com.qualcomm.qti.telephonyservice'),
(51,3,'com.android.partnerbrowsercustomizations.tmobile'),
(52,3,'ConfigUpdater'),
(53,3,'com.google.android.overlay.settingsProvider'),
(54,3,'Backup'),
(55,3,'Package Access Helper'),
(56,3,'com.huawei.hiviewtunnel'),
(57,3,'Downloads'),
(58,3,'Google Play Store'),
(59,3,'PacProcessor'),
(60,3,'androidhwext'),
(61,3,'com.android.frameworkhwext.honor'),
(62,3,'Childapp'),
(63,3,'Certificate Installer'),
(64,3,'huawei.android.widget'),
(65,3,'com.android.carrierconfig'),
(66,3,'Android Accessibility Suite'),
(67,3,'Device setup'),
(68,3,'Android system'),
(69,3,'Huawei Histen'),
(70,3,'Huawei Mobile Services'),
(71,3,'Contacts'),
(72,3,'Huawei System Services'),
(73,3,'Asphalt Nitro'),
(74,3,'Puzzle Pets'),
(75,3,'Kingdoms'),
(76,3,'Dragon Mania'),
(77,3,'Spider-Man: Ultimate Power'),
(78,3,'Sonic Runners'),
(79,3,'com.android.frameworkhwext.dark'),
(80,3,'Messaging'),
(81,3,'MTP host'),
(82,3,'SIM Toolkit'),
(83,3,'com.android.backupconfirm'),
(84,3,'Recepie_Management'),
(85,3,'Instagram'),
(86,3,'Smart unlock'),
(87,3,'org.codeaurora.ims'),
(88,3,'Loh Boutique'),
(89,3,'Intent Filter Verification Service'),
(90,3,'SmartLecture'),
(91,3,'Gmail'),
(92,3,'OnRoadFuel'),
(93,3,'Meet'),
(94,3,'Huawei Share'),
(95,3,'FIDO UAF ASM'),
(96,3,'Provisioning message'),
(97,3,'Calendar'),
(98,3,'HwWifiproBqeService'),
(99,3,'Barcode Scanner'),
(100,3,'Setup Wizard'),
(101,3,'com.qualcomm.qcrilmsgtunnel'),
(102,3,'Settings Storage'),
(103,3,'com.android.sharedstoragebackup'),
(104,3,'Meta Services'),
(105,3,'Google Play Music'),
(106,3,'Print Spooler'),
(107,3,'com.android.frameworkres.overlay'),
(108,3,'Dialler'),
(109,3,'Phone Manager'),
(110,3,'Input Devices'),
(111,3,'Default Print Service'),
(112,3,'CollegeApp'),
(113,3,'Files by Google'),
(114,3,'Phone Clone'),
(115,3,'com.google.android.overlay.gmsconfig'),
(116,3,'Drive'),
(117,3,'Maps'),
(118,3,'Android System WebView'),
(119,3,'Scrollshot'),
(120,3,'Intern'),
(121,3,'Call Management'),
(122,3,'Google Contacts Sync'),
(123,3,'Notepad'),
(124,3,'Key Chain'),
(125,3,'Huawei magazine unlock'),
(126,3,'Chrome'),
(127,3,'Gallery'),
(128,3,'Package installer'),
(129,3,'Sync'),
(130,3,'Google Play services'),
(131,3,'Google Services Framework'),
(132,3,'Speech Services by Google'),
(133,3,'HwStartupGuide'),
(134,3,'Call Log Backup/Restore'),
(135,3,'Google Partner Set Up'),
(136,3,'Dtmf Analyzer'),
(137,3,'FIDO UAF Client'),
(138,3,'Womens App'),
(139,3,'Google TV'),
(140,3,'Essential Apps'),
(141,3,'ProxyHandler'),
(142,3,'Mobile phone SAR'),
(143,3,'Netflix'),
(144,3,'Get Color'),
(145,3,'Market Feedback Agent'),
(146,3,'Print Service Recommendation Service'),
(147,3,'Photos'),
(148,3,'Google Calendar Sync'),
(149,3,'Work profile setup'),
(150,3,'SwiftKey factory settings'),
(151,3,'Cloud'),
(152,3,'Weather Widget'),
(153,3,'HUAWEI Video'),
(154,3,'Compass'),
(155,3,'Facebook'),
(156,3,'Dual SIM settings'),
(157,3,'Party Mode'),
(158,3,'com.android.providers.partnerbookmarks'),
(159,3,'HwAps'),
(160,3,'System update'),
(161,3,'Fire'),
(162,3,'Wi-Fi Direct'),
(163,3,'Live Wallpaper Picker'),
(164,3,'MMITest'),
(165,3,'Messenger'),
(166,3,'Power Genius'),
(167,3,'com.huawei.behaviorauth'),
(168,3,'Meta App Installer'),
(169,3,'Google Backup Transport'),
(170,3,'Storage Manager'),
(171,3,'Bookmark Provider'),
(172,3,'Settings'),
(173,3,'com.qualcomm.qti.ims'),
(174,3,'Calculator'),
(175,3,'ProjectMenu'),
(176,3,'LocationServices'),
(177,3,'Weather'),
(178,3,'Indian Calendar'),
(179,3,'com.android.cts.ctsshim'),
(180,3,'Push Service'),
(181,3,'Plastic_waste_management'),
(182,3,'VpnDialogs'),
(183,3,'ROYAL RIDNG'),
(184,3,'HwUpgradeGuide'),
(185,3,'Email'),
(186,3,'Phone'),
(187,3,'Shell'),
(188,3,'com.android.wallpaperbackup'),
(189,3,'Blocked Numbers Storage'),
(190,3,'User Dictionary'),
(191,3,'Emergency information'),
(192,3,'Fused Location'),
(193,3,'Clock'),
(194,3,'System UI'),
(195,3,'Exchange Services'),
(196,3,'Bluetooth MIDI Service'),
(197,3,'Meta App Manager'),
(198,3,'Color_my_world'),
(199,3,'Smart diagnosis'),
(200,3,'Karaoke effect'),
(201,3,'Word Swipe'),
(202,3,'SOS'),
(203,3,'Bluetooth'),
(204,3,'com.qualcomm.timeservice'),
(205,3,'Contacts Storage'),
(206,3,'CaptivePortalLogin'),
(207,3,'Attendance_Management'),
(208,3,'Mirror'),
(209,3,'Vidma Recorder Lite'),
(210,3,''),
(211,2,'Screen Recorder'),
(212,2,'Tethering'),
(213,2,'FM Radio'),
(214,2,'com.mediatek.ims.ImsApp'),
(215,2,'Android Services Library'),
(216,2,'Phone and Messaging Storage'),
(217,2,'Dynamic System Updates'),
(218,2,'Battery and performance'),
(219,2,'GFManager'),
(220,2,'Casting'),
(221,2,'Cit_QR'),
(222,2,'Cell Broadcast Service'),
(223,2,'Calendar storage'),
(224,2,'Telephony Assist'),
(225,2,'com.android.providers.media'),
(226,2,'Cast'),
(227,2,'TetheringResOverlay'),
(228,2,'LPPe Service'),
(229,2,'Power Detector'),
(230,2,'Sarcontroller'),
(231,2,'Xiaomi Account'),
(232,2,'com.android.wallpapercropper'),
(233,2,'CameraTools'),
(234,2,'System UI Plug-in'),
(235,2,'Mi Connect'),
(236,2,'com.xiaomi.micloudsdk.SdkApplication'),
(237,2,'com.mediatek.systemuiresoverlay'),
(238,2,'Updater'),
(239,2,'com.android.wifi.resources.overlay'),
(240,2,'External Storage'),
(241,2,'YGPS'),
(242,2,'com.miui.extraphoto'),
(243,2,'System service plugin'),
(244,2,'Companion Device Manager'),
(245,2,'Gallery'),
(246,2,'MmsService'),
(247,2,'msa'),
(248,2,'Downloads'),
(249,2,'Mi Coin'),
(250,2,'Security'),
(251,2,'EngineerMode'),
(252,2,'Omacp'),
(253,2,'NetworkStackInProcessResOverlay'),
(254,2,'Circular'),
(255,2,'com.android.systemui.icon.overlay'),
(256,2,'Media'),
(257,2,'Recorder'),
(258,2,'MIUI security components'),
(259,2,'POCO Launcher'),
(260,2,'Google Play Store'),
(261,2,'PacProcessor'),
(262,2,'Sim app dialogue'),
(263,2,'Backup'),
(264,2,'com.android.settings.overlay.miui'),
(265,2,'Notifications'),
(266,2,'MiCloudSync'),
(267,2,'MIUI Daemon'),
(268,2,'NetworkStackOverlay'),
(269,2,'Childapp'),
(270,2,'Certificate Installer'),
(271,2,'com.android.carrierconfig'),
(272,2,'Android System'),
(273,2,'com.android.systemui.notch.overlay'),
(274,2,'Quick apps Service Framework'),
(275,2,'android.miui.overlay'),
(276,2,'Security Core Component'),
(277,2,'Android R Easter Egg'),
(278,2,'MTP Host'),
(279,2,'com.android.ons'),
(280,2,'SIM Tool Kit'),
(281,2,'com.android.backupconfirm'),
(282,2,'Xiaomi SIM Activation Service'),
(283,2,'Frequent phrases'),
(284,2,'Image Collection'),
(285,2,'Music'),
(286,2,'Services '),
(287,3,'Tour_planner'),
(288,3,'travelogue'),
(289,3,'Tutorspoint'),
(290,3,'Calculators'),
(291,3,'Immigration_Clearance'),
(292,3,'Disease Detect'),
(293,3,'Venture_Guard'),
(294,3,'MedicalDelivery'),
(295,3,'Ambulance_service'),
(296,3,'Constraction_management'),
(297,3,'Sticky_note');

/*Table structure for table `call_list` */

DROP TABLE IF EXISTS `call_list`;

CREATE TABLE `call_list` (
  `call_id` int(11) NOT NULL AUTO_INCREMENT,
  `child_id` int(11) DEFAULT NULL,
  `number` varchar(20) DEFAULT NULL,
  `type` varchar(20) DEFAULT NULL,
  `duration` varchar(20) DEFAULT NULL,
  `date` date DEFAULT NULL,
  `time` varchar(30) DEFAULT NULL,
  PRIMARY KEY (`call_id`)
) ENGINE=InnoDB AUTO_INCREMENT=2 DEFAULT CHARSET=latin1;

/*Data for the table `call_list` */

insert  into `call_list`(`call_id`,`child_id`,`number`,`type`,`duration`,`date`,`time`) values 
(1,2,'9526610862','outgoing','0:0:13','2023-01-17','15:26:58');

/*Table structure for table `child` */

DROP TABLE IF EXISTS `child`;

CREATE TABLE `child` (
  `child_id` int(11) NOT NULL AUTO_INCREMENT,
  `parent_id` int(11) DEFAULT NULL,
  `first_name` varchar(40) DEFAULT NULL,
  `last_name` varchar(40) DEFAULT NULL,
  `phn` varchar(20) DEFAULT NULL,
  `imei_no` varchar(40) DEFAULT NULL,
  `email` varchar(50) DEFAULT NULL,
  PRIMARY KEY (`child_id`)
) ENGINE=InnoDB AUTO_INCREMENT=5 DEFAULT CHARSET=latin1;

/*Data for the table `child` */

insert  into `child`(`child_id`,`parent_id`,`first_name`,`last_name`,`phn`,`imei_no`,`email`) values 
(1,1,'Josy','Kurian','2525252522','1111111111','josy@gmail.com'),
(2,1,'shemeem','s','7356972545','866412056504608','shemi96veddn@gmail.com'),
(3,1,'shemeem','shajahan','9526610862','868188033744552','shemi96ven@gmail.com'),
(4,1,'anathu','an','9142449216','868406040357337','annathu@gmail.com');

/*Table structure for table `filetodowload` */

DROP TABLE IF EXISTS `filetodowload`;

CREATE TABLE `filetodowload` (
  `file_id` int(11) NOT NULL AUTO_INCREMENT,
  `child_id` int(11) DEFAULT NULL,
  `img_id` int(100) DEFAULT NULL,
  `status` varchar(100) DEFAULT NULL,
  `path` varchar(100) DEFAULT NULL,
  PRIMARY KEY (`file_id`)
) ENGINE=InnoDB AUTO_INCREMENT=10 DEFAULT CHARSET=latin1;

/*Data for the table `filetodowload` */

insert  into `filetodowload`(`file_id`,`child_id`,`img_id`,`status`,`path`) values 
(1,1,2,'Downloaded','pending'),
(2,3,510,'downloaded','static/uploads/b5d274db-7742-47bc-9fb3-e32a65964224.jpg'),
(3,3,511,'downloaded','static/uploads/7b6c89d8-6a33-48a0-9bce-d2e7e9489e0e.jpg'),
(5,3,404,'downloaded','static/uploads/721c1b0c-6ae0-4322-9959-657bf87a1474.jpg'),
(6,3,404,'downloaded','static/uploads/2eca380d-5431-434f-a575-5adc357960ba.jpg'),
(7,3,489,'downloaded','static/uploads/aa018c3d-c834-4c52-b0ce-cff6a88412ed.jpg'),
(8,3,403,'request','pending'),
(9,3,411,'request','pending');

/*Table structure for table `gallery` */

DROP TABLE IF EXISTS `gallery`;

CREATE TABLE `gallery` (
  `img_id` int(11) NOT NULL AUTO_INCREMENT,
  `child_id` int(11) DEFAULT NULL,
  `img` varchar(500) DEFAULT NULL,
  PRIMARY KEY (`img_id`)
) ENGINE=InnoDB AUTO_INCREMENT=902 DEFAULT CHARSET=latin1;

/*Data for the table `gallery` */

insert  into `gallery`(`img_id`,`child_id`,`img`) values 
(1,2,'/storage/emulated/0/Pictures/SAVE_20221114_210937.jpg'),
(2,2,'/storage/emulated/0/Pictures/Waxing-Gibbous-Moon.jpg'),
(3,2,'/storage/emulated/0/Pictures/1200px-New_Moon.jpg'),
(4,2,'/storage/emulated/0/Pictures/Waxing-Gibbous-Moon (1).jpg'),
(5,2,'/storage/emulated/0/Pictures/SAVE_20230115_175924.jpg'),
(6,2,'/storage/emulated/0/Pictures/Whatsapp/IMG-20221221-WA0020.jpg'),
(7,2,'/storage/emulated/0/Pictures/Instagram/IMG_20221225_211146_564.jpg'),
(8,2,'/storage/emulated/0/Pictures/Instagram/IMG_20230103_225831_018.jpg'),
(9,2,'/storage/emulated/0/Pictures/Instagram/IMG_20230103_225901_338.jpg'),
(10,2,'/storage/emulated/0/Pictures/Instagram/IMG_20230103_230117.jpg'),
(11,2,'/storage/emulated/0/Pictures/Instagram/IMG_20230104_203056_305.jpg'),
(12,2,'/storage/emulated/0/DCIM/Camera/IMG_20221115_161512.jpg'),
(13,2,'/storage/emulated/0/DCIM/Camera/IMG_20221118_163657.jpg'),
(14,2,'/storage/emulated/0/DCIM/Camera/IMG_20221120_120409.jpg'),
(15,2,'/storage/emulated/0/DCIM/Camera/IMG_20221202_123811.jpg'),
(16,2,'/storage/emulated/0/DCIM/Camera/IMG_20221202_123847.jpg'),
(17,2,'/storage/emulated/0/DCIM/Camera/IMG_20221202_123850.jpg'),
(18,2,'/storage/emulated/0/DCIM/Camera/IMG_20221225_202809.jpg'),
(19,2,'/storage/emulated/0/DCIM/Camera/IMG_20221225_202810.jpg'),
(20,2,'/storage/emulated/0/DCIM/Camera/IMG_20221225_202812.jpg'),
(21,2,'/storage/emulated/0/DCIM/Camera/IMG_20221225_202951.jpg'),
(22,2,'/storage/emulated/0/DCIM/Camera/IMG_20221225_202954.jpg'),
(23,2,'/storage/emulated/0/DCIM/Camera/IMG_20221225_202955.jpg'),
(24,2,'/storage/emulated/0/DCIM/Camera/IMG_20221225_202956.jpg'),
(25,2,'/storage/emulated/0/DCIM/Camera/IMG_20221225_202957.jpg'),
(26,2,'/storage/emulated/0/DCIM/Camera/IMG_20221225_203000.jpg'),
(27,2,'/storage/emulated/0/DCIM/Camera/IMG_20221225_203046.jpg'),
(28,2,'/storage/emulated/0/DCIM/Camera/IMG_20221225_205241.jpg'),
(29,2,'/storage/emulated/0/DCIM/Camera/IMG_20221225_205242.jpg'),
(30,2,'/storage/emulated/0/DCIM/Camera/IMG_20221225_205243.jpg'),
(31,2,'/storage/emulated/0/DCIM/Camera/IMG_20221225_205244.jpg'),
(32,2,'/storage/emulated/0/DCIM/Camera/IMG_20221225_205245.jpg'),
(33,2,'/storage/emulated/0/DCIM/Camera/IMG_20221225_205245_1.jpg'),
(34,2,'/storage/emulated/0/DCIM/Camera/IMG_20221225_205246.jpg'),
(35,2,'/storage/emulated/0/DCIM/Camera/IMG_20221225_205401.jpg'),
(36,2,'/storage/emulated/0/DCIM/Camera/IMG_20221225_205402.jpg'),
(37,2,'/storage/emulated/0/DCIM/Camera/IMG_20221225_205403.jpg'),
(38,2,'/storage/emulated/0/DCIM/Camera/IMG_20221225_205408.jpg'),
(39,2,'/storage/emulated/0/DCIM/Camera/IMG_20221225_205408_1.jpg'),
(40,2,'/storage/emulated/0/DCIM/Camera/IMG_20221225_205409.jpg'),
(41,2,'/storage/emulated/0/DCIM/Camera/IMG_20221225_205409_1.jpg'),
(42,2,'/storage/emulated/0/DCIM/Camera/IMG_20221225_205410.jpg'),
(43,2,'/storage/emulated/0/DCIM/Camera/IMG_20221225_205411.jpg'),
(44,2,'/storage/emulated/0/DCIM/Camera/IMG_20221225_205411_1.jpg'),
(45,2,'/storage/emulated/0/DCIM/Camera/IMG_20221225_205412.jpg'),
(46,2,'/storage/emulated/0/DCIM/Camera/IMG_20221225_205426.jpg'),
(47,2,'/storage/emulated/0/DCIM/Camera/IMG_20221225_205427.jpg'),
(48,2,'/storage/emulated/0/DCIM/Camera/IMG_20221225_205428.jpg'),
(49,2,'/storage/emulated/0/DCIM/Camera/IMG_20221225_205429.jpg'),
(50,2,'/storage/emulated/0/DCIM/Camera/IMG_20221225_205429_1.jpg'),
(51,2,'/storage/emulated/0/DCIM/Camera/IMG_20221225_205430_1.jpg'),
(52,2,'/storage/emulated/0/DCIM/Camera/IMG_20221225_205431.jpg'),
(53,2,'/storage/emulated/0/DCIM/Camera/IMG_20221225_205431_1.jpg'),
(54,2,'/storage/emulated/0/DCIM/Camera/IMG_20221225_205431_2.jpg'),
(55,2,'/storage/emulated/0/DCIM/Camera/IMG_20221225_205432.jpg'),
(56,2,'/storage/emulated/0/DCIM/Camera/IMG_20221225_205432_1.jpg'),
(57,2,'/storage/emulated/0/DCIM/Camera/IMG_20221227_195631.jpg'),
(58,2,'/storage/emulated/0/DCIM/Camera/IMG_20221227_195659.jpg'),
(59,2,'/storage/emulated/0/DCIM/Camera/IMG_20221227_195702.jpg'),
(60,2,'/storage/emulated/0/DCIM/Camera/IMG_20221230_092107.jpg'),
(61,2,'/storage/emulated/0/DCIM/Camera/IMG_20230101_190324.jpg'),
(62,2,'/storage/emulated/0/DCIM/Camera/IMG_20230101_190327.jpg'),
(63,2,'/storage/emulated/0/DCIM/Camera/IMG_20230101_190328.jpg'),
(64,2,'/storage/emulated/0/DCIM/Camera/IMG_20230101_190330.jpg'),
(65,2,'/storage/emulated/0/DCIM/Camera/IMG_20230101_190358.jpg'),
(66,2,'/storage/emulated/0/DCIM/Camera/IMG_20230101_190407.jpg'),
(67,2,'/storage/emulated/0/DCIM/Camera/IMG_20230101_190409.jpg'),
(68,2,'/storage/emulated/0/DCIM/Camera/IMG_20230101_190532.jpg'),
(69,2,'/storage/emulated/0/DCIM/Camera/IMG_20230101_190533.jpg'),
(70,2,'/storage/emulated/0/DCIM/Camera/IMG_20230101_190535.jpg'),
(71,2,'/storage/emulated/0/DCIM/Camera/IMG_20230101_190536.jpg'),
(72,2,'/storage/emulated/0/DCIM/Camera/IMG_20230101_190537.jpg'),
(73,2,'/storage/emulated/0/DCIM/Camera/IMG_20230101_205747.jpg'),
(74,2,'/storage/emulated/0/DCIM/Camera/IMG_20230101_205826.jpg'),
(75,2,'/storage/emulated/0/DCIM/Camera/IMG_20230101_205828.jpg'),
(76,2,'/storage/emulated/0/DCIM/Camera/IMG_20230101_205847.jpg'),
(77,2,'/storage/emulated/0/DCIM/Camera/IMG_20230102_160452.jpg'),
(78,2,'/storage/emulated/0/DCIM/Camera/IMG_20230103_130919.jpg'),
(79,2,'/storage/emulated/0/DCIM/Camera/IMG_20230103_131048.jpg'),
(80,2,'/storage/emulated/0/DCIM/Camera/IMG_20230103_131128.jpg'),
(81,2,'/storage/emulated/0/DCIM/Camera/IMG_20230103_134152.jpg'),
(82,2,'/storage/emulated/0/DCIM/Camera/IMG_20230103_134223.jpg'),
(83,2,'/storage/emulated/0/DCIM/Camera/IMG_20230104_104717.jpg'),
(84,2,'/storage/emulated/0/DCIM/Camera/IMG_20230106_180026.jpg'),
(85,2,'/storage/emulated/0/DCIM/Camera/IMG_20230106_180028.jpg'),
(86,2,'/storage/emulated/0/DCIM/Camera/IMG_20221223_185552.jpg'),
(87,2,'/storage/emulated/0/DCIM/Camera/IMG_20230109_162947.jpg'),
(88,2,'/storage/emulated/0/DCIM/Camera/IMG_20230110_202907.jpg'),
(89,2,'/storage/emulated/0/DCIM/Screenshots/Screenshot_2022-11-16-08-52-29-479_com.android.chrome.jpg'),
(90,2,'/storage/emulated/0/DCIM/Screenshots/Screenshot_2022-11-26-22-52-30-095_com.google.android.apps.docs.jpg'),
(91,2,'/storage/emulated/0/DCIM/Screenshots/Screenshot_2022-11-28-21-40-24-348_com.google.android.apps.photos.jpg'),
(92,2,'/storage/emulated/0/DCIM/Screenshots/Screenshot_2022-12-08-16-27-43-918_cn.wps.xiaomi.abroad.lite.jpg'),
(93,2,'/storage/emulated/0/DCIM/Screenshots/Screenshot_2022-12-08-17-33-47-222_cn.wps.xiaomi.abroad.lite.jpg'),
(94,2,'/storage/emulated/0/DCIM/Screenshots/Screenshot_2022-12-21-21-55-55-255_com.gallery.player.jpg'),
(95,2,'/storage/emulated/0/DCIM/Screenshots/IMG_20221221_215618.jpg'),
(96,2,'/storage/emulated/0/DCIM/Screenshots/Screenshot_2022-12-25-12-31-33-439_com.android.chrome.jpg'),
(97,2,'/storage/emulated/0/DCIM/Screenshots/Screenshot_2023-01-04-20-58-23-328_com.instagram.android.jpg'),
(98,2,'/storage/emulated/0/DCIM/Screenshots/Screenshot_2023-01-04-21-07-09-434_com.whatsapp.jpg'),
(99,2,'/storage/emulated/0/DCIM/Screenshots/Screenshot_2023-01-04-21-09-37-286_com.instagram.android.jpg'),
(100,2,'/storage/emulated/0/DCIM/Screenshots/Screenshot_2023-01-05-20-02-25-979_lockscreen.jpg'),
(101,2,'/storage/emulated/0/DCIM/Screenshots/Screenshot_2023-01-06-23-03-53-351_com.instagram.android.jpg'),
(102,2,'/storage/emulated/0/DCIM/Screenshots/Screenshot_2023-01-06-23-14-07-732_com.flipkart.android.jpg'),
(103,2,'/storage/emulated/0/DCIM/Screenshots/Screenshot_2023-01-06-23-14-23-313_com.flipkart.android.jpg'),
(104,2,'/storage/emulated/0/DCIM/Screenshots/Screenshot_2023-01-08-12-49-13-811_com.instagram.android.jpg'),
(105,2,'/storage/emulated/0/DCIM/Screenshots/Screenshot_2023-01-09-14-41-49-653_com.google.android.googlequicksearchbox.jpg'),
(106,2,'/storage/emulated/0/DCIM/Screenshots/Screenshot_2023-01-10-18-31-30-299_com.google.android.apps.nbu.paisa.user.jpg'),
(107,2,'/storage/emulated/0/DCIM/Screenshots/Screenshot_2023-01-12-18-58-15-815_com.whatsapp.jpg'),
(108,2,'/storage/emulated/0/DCIM/Screenshots/Screenshot_2023-01-14-20-11-44-570_com.google.android.apps.photos.jpg'),
(109,2,'/storage/emulated/0/DCIM/Screenshots/Screenshot_2023-01-15-11-05-50-389_com.snapchat.android.jpg'),
(110,2,'/storage/emulated/0/DCIM/Screenshots/Screenshot_2023-01-15-11-10-40-230_com.gallery.player.jpg'),
(111,2,'/storage/emulated/0/DCIM/Screenshots/Screenshot_2023-01-15-11-43-41-611_com.gallery.player.jpg'),
(112,2,'/storage/emulated/0/DCIM/Screenshots/Screenshot_2023-01-15-18-31-38-534_cn.wps.moffice_eng.jpg'),
(113,2,'/storage/emulated/0/DCIM/Screenshots/Screenshot_2023-01-15-18-38-25-601_cn.wps.moffice_eng.jpg'),
(114,2,'/storage/emulated/0/DCIM/Screenshots/Screenshot_2023-01-16-20-46-41-821_com.google.android.apps.nbu.paisa.user.jpg'),
(115,2,'/storage/emulated/0/DCIM/Creative/IMG_20221118_231422.jpg'),
(116,2,'/storage/emulated/0/DCIM/Snapchat/Snapchat-1327674884.jpg'),
(117,2,'/storage/emulated/0/DCIM/Snapchat/Snapchat-434183253.jpg'),
(118,2,'/storage/emulated/0/DCIM/Snapchat/Snapchat-1451617135.jpg'),
(119,2,'/storage/emulated/0/DCIM/Snapchat/Snapchat-1232239698.jpg'),
(120,2,'/storage/emulated/0/DCIM/Snapchat/Snapchat-1164017994.jpg'),
(121,2,'/storage/emulated/0/DCIM/Snapchat/Snapchat-1954711244.jpg'),
(122,2,'/storage/emulated/0/DCIM/Snapchat/Snapchat-144983971.jpg'),
(123,2,'/storage/emulated/0/DCIM/Snapchat/Snapchat-1857041159.jpg'),
(124,2,'/storage/emulated/0/DCIM/Snapchat/Snapchat-1295009913.jpg'),
(125,2,'/storage/emulated/0/DCIM/Snapchat/Snapchat-1708712968.jpg'),
(126,2,'/storage/emulated/0/DCIM/Snapchat/Snapchat-1750422161.jpg'),
(127,2,'/storage/emulated/0/DCIM/Snapchat/Snapchat-6526520.jpg'),
(128,2,'/storage/emulated/0/DCIM/Snapchat/Snapchat-995985625.jpg'),
(129,2,'/storage/emulated/0/DCIM/Snapchat/Snapchat-1423489021.jpg'),
(130,2,'/storage/emulated/0/DCIM/Snapchat/Snapchat-745175863.jpg'),
(131,2,'/storage/emulated/0/DCIM/Snapchat/Snapchat-1970132572.jpg'),
(132,2,'/storage/emulated/0/DCIM/Snapchat/Snapchat-1493640332.jpg'),
(133,2,'/storage/emulated/0/DCIM/Snapchat/Snapchat-187453622.jpg'),
(134,2,'/storage/emulated/0/DCIM/Snapchat/Snapchat-496632318.jpg'),
(135,2,'/storage/emulated/0/DCIM/Snapchat/Snapchat-32880047.jpg'),
(136,2,'/storage/emulated/0/DCIM/Snapchat/Snapchat-78783165.jpg'),
(137,2,'/storage/emulated/0/DCIM/Snapchat/Snapchat-461105434.jpg'),
(138,2,'/storage/emulated/0/DCIM/Snapchat/Snapchat-140929427.jpg'),
(139,2,'/storage/emulated/0/DCIM/Snapchat/Snapchat-1203169351.jpg'),
(140,2,'/storage/emulated/0/DCIM/Snapchat/Snapchat-154235503.jpg'),
(141,2,'/storage/emulated/0/DCIM/Snapchat/Snapchat-80655000.jpg'),
(142,2,'/storage/emulated/0/DCIM/Snapchat/Snapchat-286240234.jpg'),
(143,2,'/storage/emulated/0/DCIM/Snapchat/Snapchat-837819610.jpg'),
(144,2,'/storage/emulated/0/DCIM/Snapchat/Snapchat-1103134076.jpg'),
(145,2,'/storage/emulated/0/DCIM/Snapchat/Snapchat-739660414.jpg'),
(146,2,'/storage/emulated/0/DCIM/Snapchat/Snapchat-1228094982.jpg'),
(147,2,'/storage/emulated/0/DCIM/Snapchat/Snapchat-1347754359.jpg'),
(148,2,'/storage/emulated/0/DCIM/Snapchat/Snapchat-1968418730.jpg'),
(149,2,'/storage/emulated/0/DCIM/Snapchat/Snapchat-795380458.jpg'),
(150,2,'/storage/emulated/0/DCIM/Snapchat/Snapchat-1310392167.jpg'),
(151,2,'/storage/emulated/0/DCIM/Snapchat/Snapchat-1189901575.jpg'),
(152,2,'/storage/emulated/0/DCIM/Snapchat/Snapchat-1856743887.jpg'),
(153,2,'/storage/emulated/0/DCIM/Snapchat/Snapchat-788507132.jpg'),
(154,2,'/storage/emulated/0/DCIM/Snapchat/Snapchat-928532461.jpg'),
(155,2,'/storage/emulated/0/DCIM/Snapchat/Snapchat-320709567.jpg'),
(156,2,'/storage/emulated/0/DCIM/Snapchat/Snapchat-185191667.jpg'),
(157,2,'/storage/emulated/0/DCIM/Snapchat/Snapchat-1206979296.jpg'),
(158,2,'/storage/emulated/0/DCIM/Snapchat/Snapchat-2020625395.jpg'),
(159,2,'/storage/emulated/0/DCIM/Snapchat/Snapchat-211224758.jpg'),
(160,2,'/storage/emulated/0/DCIM/Snapchat/Snapchat-2124963202.jpg'),
(161,2,'/storage/emulated/0/DCIM/Snapchat/Snapchat-1974945297.jpg'),
(162,2,'/storage/emulated/0/DCIM/Snapchat/Snapchat-1770821473.jpg'),
(163,2,'/storage/emulated/0/DCIM/Snapchat/Snapchat-2065295422.jpg'),
(164,2,'/storage/emulated/0/DCIM/Snapchat/Snapchat-1085582624.jpg'),
(165,2,'/storage/emulated/0/DCIM/Snapchat/Snapchat-705938296.jpg'),
(166,2,'/storage/emulated/0/DCIM/Snapchat/Snapchat-1083153440.jpg'),
(167,2,'/storage/emulated/0/DCIM/Snapchat/Snapchat-1537382448.jpg'),
(168,2,'/storage/emulated/0/DCIM/Snapchat/Snapchat-445028794.jpg'),
(169,2,'/storage/emulated/0/DCIM/Snapchat/Snapchat-2082134114.jpg'),
(170,2,'/storage/emulated/0/DCIM/Snapchat/Snapchat-1987849023.jpg'),
(171,2,'/storage/emulated/0/DCIM/Snapchat/Snapchat-1051260034.jpg'),
(172,2,'/storage/emulated/0/DCIM/Snapchat/Snapchat-1793798167.jpg'),
(173,2,'/storage/emulated/0/DCIM/Snapchat/Snapchat-1865013844.jpg'),
(174,2,'/storage/emulated/0/DCIM/Snapchat/Snapchat-196447495.jpg'),
(175,2,'/storage/emulated/0/DCIM/Snapchat/Snapchat-323822065.jpg'),
(176,2,'/storage/emulated/0/DCIM/Snapchat/Snapchat-642389190.jpg'),
(177,2,'/storage/emulated/0/DCIM/Snapchat/Snapchat-1975538020.jpg'),
(178,2,'/storage/emulated/0/DCIM/Snapchat/Snapchat-1768248738.jpg'),
(179,2,'/storage/emulated/0/DCIM/Snapchat/Snapchat-342747948.jpg'),
(180,2,'/storage/emulated/0/DCIM/Snapchat/Snapchat-1364738174.jpg'),
(181,2,'/storage/emulated/0/DCIM/Snapchat/Snapchat-1831026856.jpg'),
(182,2,'/storage/emulated/0/DCIM/Snapchat/Snapchat-857501.jpg'),
(183,2,'/storage/emulated/0/DCIM/Restored/Screenshot_2022-01-27-21-12-06-47.jpg'),
(184,2,'/storage/emulated/0/DCIM/Restored/IMG_20221114_210120.jpg'),
(185,2,'/storage/emulated/0/DCIM/Restored/IMG_20220712_221055.jpg'),
(186,2,'/storage/emulated/0/DCIM/Restored/IMG-20220525-WA0027.jpg'),
(187,2,'/storage/emulated/0/DCIM/Restored/IMG-20220524-WA0034.jpg'),
(188,2,'/storage/emulated/0/DCIM/Restored/IMG_20221208_232006.jpg'),
(189,2,'/storage/emulated/0/DCIM/Restored/IMG20211223143813.jpg'),
(190,2,'/storage/emulated/0/DCIM/Restored/IMG_20221218_195623.jpg'),
(191,2,'/storage/emulated/0/DCIM/Restored/Snapchat-517715951.jpg'),
(192,2,'/storage/emulated/0/DCIM/Restored/IMG-20220925-WA0008.jpg'),
(193,2,'/storage/emulated/0/DCIM/Restored/IMG_20220702_174142.jpg'),
(194,2,'/storage/emulated/0/DCIM/Restored/IMG_20220624_143857.jpg'),
(195,2,'/storage/emulated/0/DCIM/Restored/IMG_20220624_135622.jpg'),
(196,2,'/storage/emulated/0/DCIM/Restored/Snapchat-1028858830.jpg'),
(197,2,'/storage/emulated/0/Android/media/com.whatsapp/WhatsApp/Media/WallPaper/07a4684a5f353c268809e67f555c6808.jpg'),
(198,2,'/storage/emulated/0/Android/media/com.whatsapp/WhatsApp/Media/WallPaper/f4279bdee5d7768d22705a5d693b665e.jpg'),
(199,2,'/storage/emulated/0/Android/media/com.whatsapp/WhatsApp/Media/WallPaper/be4d84bf32c3df8207b702c5c3403bda.jpg'),
(200,2,'/storage/emulated/0/Android/media/com.whatsapp/WhatsApp/Media/WhatsApp Images/IMG-20221115-WA0004.jpg'),
(201,2,'/storage/emulated/0/Android/media/com.whatsapp/WhatsApp/Media/WhatsApp Images/IMG-20221115-WA0009.jpg'),
(202,2,'/storage/emulated/0/Android/media/com.whatsapp/WhatsApp/Media/WhatsApp Images/IMG-20221115-WA0003.jpg'),
(203,2,'/storage/emulated/0/Android/media/com.whatsapp/WhatsApp/Media/WhatsApp Images/IMG-20221115-WA0005.jpg'),
(204,2,'/storage/emulated/0/Android/media/com.whatsapp/WhatsApp/Media/WhatsApp Images/IMG-20221115-WA0008.jpg'),
(205,2,'/storage/emulated/0/Android/media/com.whatsapp/WhatsApp/Media/WhatsApp Images/IMG-20221115-WA0006.jpg'),
(206,2,'/storage/emulated/0/Android/media/com.whatsapp/WhatsApp/Media/WhatsApp Images/IMG-20221115-WA0007.jpg'),
(207,2,'/storage/emulated/0/Android/media/com.whatsapp/WhatsApp/Media/WhatsApp Images/IMG-20221116-WA0005.jpg'),
(208,2,'/storage/emulated/0/Android/media/com.whatsapp/WhatsApp/Media/WhatsApp Images/IMG-20221118-WA0040.jpg'),
(209,2,'/storage/emulated/0/Android/media/com.whatsapp/WhatsApp/Media/WhatsApp Images/IMG-20221118-WA0041.jpg'),
(210,2,'/storage/emulated/0/Android/media/com.whatsapp/WhatsApp/Media/WhatsApp Images/IMG-20221118-WA0042.jpg'),
(211,2,'/storage/emulated/0/Android/media/com.whatsapp/WhatsApp/Media/WhatsApp Images/IMG-20221118-WA0043.jpg'),
(212,2,'/storage/emulated/0/Android/media/com.whatsapp/WhatsApp/Media/WhatsApp Images/IMG-20221118-WA0044.jpg'),
(213,2,'/storage/emulated/0/Android/media/com.whatsapp/WhatsApp/Media/WhatsApp Images/IMG-20221118-WA0047.jpg'),
(214,2,'/storage/emulated/0/Android/media/com.whatsapp/WhatsApp/Media/WhatsApp Images/IMG-20221118-WA0048.jpg'),
(215,2,'/storage/emulated/0/Android/media/com.whatsapp/WhatsApp/Media/WhatsApp Images/IMG-20221118-WA0049.jpg'),
(216,2,'/storage/emulated/0/Android/media/com.whatsapp/WhatsApp/Media/WhatsApp Images/IMG-20221118-WA0050.jpg'),
(217,2,'/storage/emulated/0/Android/media/com.whatsapp/WhatsApp/Media/WhatsApp Images/IMG-20221120-WA0000.jpg'),
(218,2,'/storage/emulated/0/Android/media/com.whatsapp/WhatsApp/Media/WhatsApp Images/IMG-20221120-WA0001.jpg'),
(219,2,'/storage/emulated/0/Android/media/com.whatsapp/WhatsApp/Media/WhatsApp Images/IMG-20221120-WA0007.jpg'),
(220,2,'/storage/emulated/0/Android/media/com.whatsapp/WhatsApp/Media/WhatsApp Images/IMG-20221120-WA0008.jpg'),
(221,2,'/storage/emulated/0/Android/media/com.whatsapp/WhatsApp/Media/WhatsApp Images/IMG-20221120-WA0010.jpg'),
(222,2,'/storage/emulated/0/Android/media/com.whatsapp/WhatsApp/Media/WhatsApp Images/IMG-20221122-WA0003.jpg'),
(223,2,'/storage/emulated/0/Android/media/com.whatsapp/WhatsApp/Media/WhatsApp Images/IMG-20221124-WA0001.jpg'),
(224,2,'/storage/emulated/0/Android/media/com.whatsapp/WhatsApp/Media/WhatsApp Images/IMG-20221124-WA0002.jpg'),
(225,2,'/storage/emulated/0/Android/media/com.whatsapp/WhatsApp/Media/WhatsApp Images/IMG-20221124-WA0003.jpg'),
(226,2,'/storage/emulated/0/Android/media/com.whatsapp/WhatsApp/Media/WhatsApp Images/IMG-20221124-WA0004.jpg'),
(227,2,'/storage/emulated/0/Android/media/com.whatsapp/WhatsApp/Media/WhatsApp Images/IMG-20221124-WA0005.jpg'),
(228,2,'/storage/emulated/0/Android/media/com.whatsapp/WhatsApp/Media/WhatsApp Images/IMG-20221124-WA0006.jpg'),
(229,2,'/storage/emulated/0/Android/media/com.whatsapp/WhatsApp/Media/WhatsApp Images/IMG-20221124-WA0009.jpg'),
(230,2,'/storage/emulated/0/Android/media/com.whatsapp/WhatsApp/Media/WhatsApp Images/IMG-20221124-WA0010.jpg'),
(231,2,'/storage/emulated/0/Android/media/com.whatsapp/WhatsApp/Media/WhatsApp Images/IMG-20221124-WA0011.jpg'),
(232,2,'/storage/emulated/0/Android/media/com.whatsapp/WhatsApp/Media/WhatsApp Images/IMG-20221124-WA0012.jpg'),
(233,2,'/storage/emulated/0/Android/media/com.whatsapp/WhatsApp/Media/WhatsApp Images/IMG-20221124-WA0013.jpg'),
(234,2,'/storage/emulated/0/Android/media/com.whatsapp/WhatsApp/Media/WhatsApp Images/IMG-20221124-WA0014.jpg'),
(235,2,'/storage/emulated/0/Android/media/com.whatsapp/WhatsApp/Media/WhatsApp Images/IMG-20221125-WA0006.jpg'),
(236,2,'/storage/emulated/0/Android/media/com.whatsapp/WhatsApp/Media/WhatsApp Images/IMG-20221127-WA0003.jpg'),
(237,2,'/storage/emulated/0/Android/media/com.whatsapp/WhatsApp/Media/WhatsApp Images/IMG-20221130-WA0001.jpg'),
(238,2,'/storage/emulated/0/Android/media/com.whatsapp/WhatsApp/Media/WhatsApp Images/IMG-20221130-WA0002.jpg'),
(239,2,'/storage/emulated/0/Android/media/com.whatsapp/WhatsApp/Media/WhatsApp Images/IMG-20221130-WA0003.jpg'),
(240,2,'/storage/emulated/0/Android/media/com.whatsapp/WhatsApp/Media/WhatsApp Images/IMG-20221130-WA0004.jpg'),
(241,2,'/storage/emulated/0/Android/media/com.whatsapp/WhatsApp/Media/WhatsApp Images/IMG-20221130-WA0005.jpg'),
(242,2,'/storage/emulated/0/Android/media/com.whatsapp/WhatsApp/Media/WhatsApp Images/IMG-20221130-WA0006.jpg'),
(243,2,'/storage/emulated/0/Android/media/com.whatsapp/WhatsApp/Media/WhatsApp Images/IMG-20221202-WA0000.jpg'),
(244,2,'/storage/emulated/0/Android/media/com.whatsapp/WhatsApp/Media/WhatsApp Images/IMG-20221202-WA0004.jpg'),
(245,2,'/storage/emulated/0/Android/media/com.whatsapp/WhatsApp/Media/WhatsApp Images/IMG-20221202-WA0005.jpg'),
(246,2,'/storage/emulated/0/Android/media/com.whatsapp/WhatsApp/Media/WhatsApp Images/IMG-20221202-WA0006.jpg'),
(247,2,'/storage/emulated/0/Android/media/com.whatsapp/WhatsApp/Media/WhatsApp Images/IMG-20221202-WA0007.jpg'),
(248,2,'/storage/emulated/0/Android/media/com.whatsapp/WhatsApp/Media/WhatsApp Images/IMG-20221207-WA0005.jpg'),
(249,2,'/storage/emulated/0/Android/media/com.whatsapp/WhatsApp/Media/WhatsApp Images/IMG-20221207-WA0006.jpg'),
(250,2,'/storage/emulated/0/Android/media/com.whatsapp/WhatsApp/Media/WhatsApp Images/IMG-20221207-WA0007.jpg'),
(251,2,'/storage/emulated/0/Android/media/com.whatsapp/WhatsApp/Media/WhatsApp Images/IMG-20221208-WA0006.jpg'),
(252,2,'/storage/emulated/0/Android/media/com.whatsapp/WhatsApp/Media/WhatsApp Images/IMG-20221208-WA0007.jpg'),
(253,2,'/storage/emulated/0/Android/media/com.whatsapp/WhatsApp/Media/WhatsApp Images/IMG-20221208-WA0008.jpg'),
(254,2,'/storage/emulated/0/Android/media/com.whatsapp/WhatsApp/Media/WhatsApp Images/IMG-20221209-WA0007.jpg'),
(255,2,'/storage/emulated/0/Android/media/com.whatsapp/WhatsApp/Media/WhatsApp Images/IMG-20221209-WA0008.jpg'),
(256,2,'/storage/emulated/0/Android/media/com.whatsapp/WhatsApp/Media/WhatsApp Images/IMG-20221209-WA0011.jpg'),
(257,2,'/storage/emulated/0/Android/media/com.whatsapp/WhatsApp/Media/WhatsApp Images/IMG-20221214-WA0011.jpg'),
(258,2,'/storage/emulated/0/Android/media/com.whatsapp/WhatsApp/Media/WhatsApp Images/IMG-20221214-WA0012.jpg'),
(259,2,'/storage/emulated/0/Android/media/com.whatsapp/WhatsApp/Media/WhatsApp Images/IMG-20221219-WA0003.jpg'),
(260,2,'/storage/emulated/0/Android/media/com.whatsapp/WhatsApp/Media/WhatsApp Images/IMG-20221219-WA0004.jpg'),
(261,2,'/storage/emulated/0/Android/media/com.whatsapp/WhatsApp/Media/WhatsApp Images/IMG-20221219-WA0007.jpg'),
(262,2,'/storage/emulated/0/Android/media/com.whatsapp/WhatsApp/Media/WhatsApp Images/IMG-20221219-WA0008.jpg'),
(263,2,'/storage/emulated/0/Android/media/com.whatsapp/WhatsApp/Media/WhatsApp Images/IMG-20221222-WA0002.jpg'),
(264,2,'/storage/emulated/0/Android/media/com.whatsapp/WhatsApp/Media/WhatsApp Images/IMG-20221224-WA0035.jpg'),
(265,2,'/storage/emulated/0/Android/media/com.whatsapp/WhatsApp/Media/WhatsApp Images/IMG-20221225-WA0066.jpg'),
(266,2,'/storage/emulated/0/Android/media/com.whatsapp/WhatsApp/Media/WhatsApp Images/IMG-20221225-WA0067.jpg'),
(267,2,'/storage/emulated/0/Android/media/com.whatsapp/WhatsApp/Media/WhatsApp Images/IMG-20221225-WA0068.jpg'),
(268,2,'/storage/emulated/0/Android/media/com.whatsapp/WhatsApp/Media/WhatsApp Images/IMG-20221225-WA0069.jpg'),
(269,2,'/storage/emulated/0/Android/media/com.whatsapp/WhatsApp/Media/WhatsApp Images/IMG-20221225-WA0070.jpg'),
(270,2,'/storage/emulated/0/Android/media/com.whatsapp/WhatsApp/Media/WhatsApp Images/IMG-20221225-WA0071.jpg'),
(271,2,'/storage/emulated/0/Android/media/com.whatsapp/WhatsApp/Media/WhatsApp Images/IMG-20221225-WA0072.jpg'),
(272,2,'/storage/emulated/0/Android/media/com.whatsapp/WhatsApp/Media/WhatsApp Images/IMG-20221225-WA0073.jpg'),
(273,2,'/storage/emulated/0/Android/media/com.whatsapp/WhatsApp/Media/WhatsApp Images/IMG-20221225-WA0074.jpg'),
(274,2,'/storage/emulated/0/Android/media/com.whatsapp/WhatsApp/Media/WhatsApp Images/IMG-20221225-WA0075.jpg'),
(275,2,'/storage/emulated/0/Android/media/com.whatsapp/WhatsApp/Media/WhatsApp Images/IMG-20221225-WA0077.jpg'),
(276,2,'/storage/emulated/0/Android/media/com.whatsapp/WhatsApp/Media/WhatsApp Images/IMG-20221225-WA0078.jpg'),
(277,2,'/storage/emulated/0/Android/media/com.whatsapp/WhatsApp/Media/WhatsApp Images/IMG-20221225-WA0079.jpg'),
(278,2,'/storage/emulated/0/Android/media/com.whatsapp/WhatsApp/Media/WhatsApp Images/IMG-20221225-WA0080.jpg'),
(279,2,'/storage/emulated/0/Android/media/com.whatsapp/WhatsApp/Media/WhatsApp Images/IMG-20221227-WA0003.jpg'),
(280,2,'/storage/emulated/0/Android/media/com.whatsapp/WhatsApp/Media/WhatsApp Images/IMG-20221229-WA0000.jpg'),
(281,2,'/storage/emulated/0/Android/media/com.whatsapp/WhatsApp/Media/WhatsApp Images/IMG-20221229-WA0001.jpg'),
(282,2,'/storage/emulated/0/Android/media/com.whatsapp/WhatsApp/Media/WhatsApp Images/IMG-20221229-WA0002.jpg'),
(283,2,'/storage/emulated/0/Android/media/com.whatsapp/WhatsApp/Media/WhatsApp Images/IMG-20221229-WA0003.jpg'),
(284,2,'/storage/emulated/0/Android/media/com.whatsapp/WhatsApp/Media/WhatsApp Images/IMG-20230103-WA0005.jpg'),
(285,2,'/storage/emulated/0/Android/media/com.whatsapp/WhatsApp/Media/WhatsApp Images/IMG-20230103-WA0007.jpg'),
(286,2,'/storage/emulated/0/Android/media/com.whatsapp/WhatsApp/Media/WhatsApp Images/IMG-20221215-WA0008.jpg'),
(287,2,'/storage/emulated/0/Android/media/com.whatsapp/WhatsApp/Media/WhatsApp Images/IMG-20221215-WA0007.jpg'),
(288,2,'/storage/emulated/0/Android/media/com.whatsapp/WhatsApp/Media/WhatsApp Images/IMG-20230104-WA0001.jpg'),
(289,2,'/storage/emulated/0/Android/media/com.whatsapp/WhatsApp/Media/WhatsApp Images/IMG-20230105-WA0006.jpg'),
(290,2,'/storage/emulated/0/Android/media/com.whatsapp/WhatsApp/Media/WhatsApp Images/IMG-20230105-WA0036.jpg'),
(291,2,'/storage/emulated/0/Android/media/com.whatsapp/WhatsApp/Media/WhatsApp Images/IMG-20230106-WA0000.jpg'),
(292,2,'/storage/emulated/0/Android/media/com.whatsapp/WhatsApp/Media/WhatsApp Images/IMG-20230106-WA0016.jpg'),
(293,2,'/storage/emulated/0/Android/media/com.whatsapp/WhatsApp/Media/WhatsApp Images/IMG-20230106-WA0018.jpg'),
(294,2,'/storage/emulated/0/Android/media/com.whatsapp/WhatsApp/Media/WhatsApp Images/IMG-20230106-WA0017.jpg'),
(295,2,'/storage/emulated/0/Android/media/com.whatsapp/WhatsApp/Media/WhatsApp Images/IMG-20230107-WA0006.jpg'),
(296,2,'/storage/emulated/0/Android/media/com.whatsapp/WhatsApp/Media/WhatsApp Images/IMG-20230107-WA0026.jpg'),
(297,2,'/storage/emulated/0/Android/media/com.whatsapp/WhatsApp/Media/WhatsApp Images/IMG-20230107-WA0027.jpg'),
(298,2,'/storage/emulated/0/Android/media/com.whatsapp/WhatsApp/Media/WhatsApp Images/IMG-20230108-WA0019.jpg'),
(299,2,'/storage/emulated/0/Android/media/com.whatsapp/WhatsApp/Media/WhatsApp Images/IMG-20230108-WA0020.jpg'),
(300,2,'/storage/emulated/0/Android/media/com.whatsapp/WhatsApp/Media/WhatsApp Images/IMG-20230108-WA0021.jpg'),
(301,2,'/storage/emulated/0/Android/media/com.whatsapp/WhatsApp/Media/WhatsApp Images/IMG-20230108-WA0023.jpg'),
(302,2,'/storage/emulated/0/Android/media/com.whatsapp/WhatsApp/Media/WhatsApp Images/IMG-20230108-WA0025.jpg'),
(303,2,'/storage/emulated/0/Android/media/com.whatsapp/WhatsApp/Media/WhatsApp Images/IMG-20230108-WA0026.jpg'),
(304,2,'/storage/emulated/0/Android/media/com.whatsapp/WhatsApp/Media/WhatsApp Images/IMG-20230108-WA0028.jpg'),
(305,2,'/storage/emulated/0/Android/media/com.whatsapp/WhatsApp/Media/WhatsApp Images/IMG-20230108-WA0029.jpg'),
(306,2,'/storage/emulated/0/Android/media/com.whatsapp/WhatsApp/Media/WhatsApp Images/IMG-20230108-WA0030.jpg'),
(307,2,'/storage/emulated/0/Android/media/com.whatsapp/WhatsApp/Media/WhatsApp Images/IMG-20230108-WA0031.jpg'),
(308,2,'/storage/emulated/0/Android/media/com.whatsapp/WhatsApp/Media/WhatsApp Images/IMG-20230110-WA0004.jpg'),
(309,2,'/storage/emulated/0/Android/media/com.whatsapp/WhatsApp/Media/WhatsApp Images/IMG-20230110-WA0005.jpg'),
(310,2,'/storage/emulated/0/Android/media/com.whatsapp/WhatsApp/Media/WhatsApp Images/IMG-20230110-WA0044.jpg'),
(311,2,'/storage/emulated/0/Android/media/com.whatsapp/WhatsApp/Media/WhatsApp Images/IMG-20230110-WA0047.jpg'),
(312,2,'/storage/emulated/0/Android/media/com.whatsapp/WhatsApp/Media/WhatsApp Images/IMG-20230112-WA0001.jpg'),
(313,2,'/storage/emulated/0/Android/media/com.whatsapp/WhatsApp/Media/WhatsApp Images/IMG-20230112-WA0002.jpg'),
(314,2,'/storage/emulated/0/Android/media/com.whatsapp/WhatsApp/Media/WhatsApp Images/IMG-20230112-WA0005.jpg'),
(315,2,'/storage/emulated/0/Android/media/com.whatsapp/WhatsApp/Media/WhatsApp Images/IMG-20230113-WA0004.jpg'),
(316,2,'/storage/emulated/0/Android/media/com.whatsapp/WhatsApp/Media/WhatsApp Images/IMG-20230114-WA0001.jpg'),
(317,2,'/storage/emulated/0/Android/media/com.whatsapp/WhatsApp/Media/WhatsApp Images/IMG-20230114-WA0002.jpg'),
(318,2,'/storage/emulated/0/Android/media/com.whatsapp/WhatsApp/Media/WhatsApp Images/IMG-20230114-WA0008.jpg'),
(319,2,'/storage/emulated/0/Android/media/com.whatsapp/WhatsApp/Media/WhatsApp Images/IMG-20230114-WA0009.jpg'),
(320,2,'/storage/emulated/0/Android/media/com.whatsapp/WhatsApp/Media/WhatsApp Images/IMG-20230114-WA0010.jpg'),
(321,2,'/storage/emulated/0/Android/media/com.whatsapp/WhatsApp/Media/WhatsApp Images/IMG-20230114-WA0011.jpg'),
(322,2,'/storage/emulated/0/Android/media/com.whatsapp/WhatsApp/Media/WhatsApp Images/IMG-20230114-WA0012.jpg'),
(323,2,'/storage/emulated/0/Android/media/com.whatsapp/WhatsApp/Media/WhatsApp Images/IMG-20230114-WA0016.jpg'),
(324,2,'/storage/emulated/0/Android/media/com.whatsapp/WhatsApp/Media/WhatsApp Images/IMG-20230114-WA0017.jpg'),
(325,2,'/storage/emulated/0/Android/media/com.whatsapp/WhatsApp/Media/WhatsApp Images/IMG-20230114-WA0019.jpg'),
(326,2,'/storage/emulated/0/Android/media/com.whatsapp/WhatsApp/Media/WhatsApp Images/IMG-20230115-WA0041.jpg'),
(327,2,'/storage/emulated/0/Android/media/com.whatsapp/WhatsApp/Media/WhatsApp Images/IMG-20230115-WA0042.jpg'),
(328,2,'/storage/emulated/0/Android/media/com.whatsapp/WhatsApp/Media/WhatsApp Images/IMG-20230115-WA0043.jpg'),
(329,2,'/storage/emulated/0/Android/media/com.whatsapp/WhatsApp/Media/WhatsApp Images/IMG-20230115-WA0045.jpg'),
(330,2,'/storage/emulated/0/Android/media/com.whatsapp/WhatsApp/Media/WhatsApp Images/IMG-20230115-WA0046.jpg'),
(331,2,'/storage/emulated/0/Android/media/com.whatsapp/WhatsApp/Media/WhatsApp Images/IMG-20230115-WA0047.jpg'),
(332,2,'/storage/emulated/0/Android/media/com.whatsapp/WhatsApp/Media/WhatsApp Images/IMG-20230115-WA0048.jpg'),
(333,2,'/storage/emulated/0/Android/media/com.whatsapp/WhatsApp/Media/WhatsApp Images/IMG-20230115-WA0049.jpg'),
(334,2,'/storage/emulated/0/Android/media/com.whatsapp/WhatsApp/Media/WhatsApp Images/IMG-20230115-WA0050.jpg'),
(335,2,'/storage/emulated/0/Android/media/com.whatsapp/WhatsApp/Media/WhatsApp Images/IMG-20230115-WA0052.jpg'),
(336,2,'/storage/emulated/0/Android/media/com.whatsapp/WhatsApp/Media/WhatsApp Images/IMG-20230115-WA0053.jpg'),
(337,2,'/storage/emulated/0/Android/media/com.whatsapp/WhatsApp/Media/WhatsApp Documents/IMG_20221115_075420.jpg'),
(338,2,'/storage/emulated/0/Android/media/com.whatsapp/WhatsApp/Media/WhatsApp Documents/IMG_20221110_173214.jpg'),
(339,2,'/storage/emulated/0/Android/media/com.whatsapp/WhatsApp/Media/WhatsApp Documents/IMG_20221110_173232.jpg'),
(340,2,'/storage/emulated/0/Android/media/com.whatsapp/WhatsApp/Media/WhatsApp Documents/IMG_20221110_173235.jpg'),
(341,2,'/storage/emulated/0/Android/media/com.whatsapp/WhatsApp/Media/WhatsApp Documents/IMG_20221110_173240.jpg'),
(342,2,'/storage/emulated/0/Android/media/com.whatsapp/WhatsApp/Media/WhatsApp Documents/IMG_20221110_173213.jpg'),
(343,2,'/storage/emulated/0/Android/media/com.whatsapp/WhatsApp/Media/WhatsApp Documents/IMG_20221110_173216.jpg'),
(344,2,'/storage/emulated/0/Android/media/com.whatsapp/WhatsApp/Media/WhatsApp Documents/IMG_20221110_173212.jpg'),
(345,2,'/storage/emulated/0/Android/media/com.whatsapp/WhatsApp/Media/WhatsApp Documents/IMG_20221110_173149.jpg'),
(346,2,'/storage/emulated/0/Android/media/com.whatsapp/WhatsApp/Media/WhatsApp Documents/IMG_20221110_173148.jpg'),
(347,2,'/storage/emulated/0/Android/media/com.whatsapp/WhatsApp/Media/WhatsApp Documents/IMG_20221110_172708.jpg'),
(348,2,'/storage/emulated/0/Android/media/com.whatsapp/WhatsApp/Media/WhatsApp Documents/IMG_20221110_172659.jpg'),
(349,2,'/storage/emulated/0/Android/media/com.whatsapp/WhatsApp/Media/WhatsApp Documents/IMG_20221110_172707.jpg'),
(350,2,'/storage/emulated/0/Android/media/com.whatsapp/WhatsApp/Media/WhatsApp Documents/IMG_20221110_172658.jpg'),
(351,2,'/storage/emulated/0/Android/media/com.whatsapp/WhatsApp/Media/WhatsApp Documents/IMG_20221110_172700.jpg'),
(352,2,'/storage/emulated/0/Android/media/com.whatsapp/WhatsApp/Media/WhatsApp Documents/IMG_20221110_172544.jpg'),
(353,2,'/storage/emulated/0/Android/media/com.whatsapp/WhatsApp/Media/WhatsApp Documents/IMG_20221110_172610.jpg'),
(354,2,'/storage/emulated/0/Android/media/com.whatsapp/WhatsApp/Media/WhatsApp Documents/IMG_20221110_172626.jpg'),
(355,2,'/storage/emulated/0/Android/media/com.whatsapp/WhatsApp/Media/WhatsApp Documents/IMG_20221110_174746.jpg'),
(356,2,'/storage/emulated/0/Android/media/com.whatsapp/WhatsApp/Media/WhatsApp Documents/IMG_20221110_174748.jpg'),
(357,2,'/storage/emulated/0/Android/media/com.whatsapp/WhatsApp/Media/WhatsApp Documents/IMG_20221110_174716.jpg'),
(358,2,'/storage/emulated/0/Android/media/com.whatsapp/WhatsApp/Media/WhatsApp Documents/IMG_20221110_174713.jpg'),
(359,2,'/storage/emulated/0/Android/media/com.whatsapp/WhatsApp/Media/WhatsApp Documents/IMG_20221110_174714.jpg'),
(360,2,'/storage/emulated/0/Android/media/com.whatsapp/WhatsApp/Media/WhatsApp Documents/IMG_20221110_174711.jpg'),
(361,2,'/storage/emulated/0/Android/media/com.whatsapp/WhatsApp/Media/WhatsApp Documents/IMG_20221110_174640.jpg'),
(362,2,'/storage/emulated/0/Android/media/com.whatsapp/WhatsApp/Media/WhatsApp Documents/IMG_20221110_174654.jpg'),
(363,2,'/storage/emulated/0/Android/media/com.whatsapp/WhatsApp/Media/WhatsApp Documents/IMG_20221110_174550.jpg'),
(364,2,'/storage/emulated/0/Android/media/com.whatsapp/WhatsApp/Media/WhatsApp Documents/IMG_20221110_174609.jpg'),
(365,2,'/storage/emulated/0/Android/media/com.whatsapp/WhatsApp/Media/WhatsApp Documents/IMG_20221110_174547.jpg'),
(366,2,'/storage/emulated/0/Android/media/com.whatsapp/WhatsApp/Media/WhatsApp Documents/IMG_20221110_174545.jpg'),
(367,2,'/storage/emulated/0/Android/media/com.whatsapp/WhatsApp/Media/WhatsApp Documents/IMG_20221110_174538.jpg'),
(368,2,'/storage/emulated/0/Android/media/com.whatsapp/WhatsApp/Media/WhatsApp Documents/IMG_20221110_174524.jpg'),
(369,2,'/storage/emulated/0/Android/media/com.whatsapp/WhatsApp/Media/WhatsApp Documents/IMG_20221110_174535.jpg'),
(370,2,'/storage/emulated/0/Android/media/com.whatsapp/WhatsApp/Media/WhatsApp Documents/IMG_20221110_174533.jpg'),
(371,2,'/storage/emulated/0/Android/media/com.whatsapp/WhatsApp/Media/WhatsApp Documents/IMG_20221110_174519.jpg'),
(372,2,'/storage/emulated/0/Android/media/com.whatsapp/WhatsApp/Media/WhatsApp Documents/IMG_20221110_174518.jpg'),
(373,2,'/storage/emulated/0/Android/media/com.whatsapp/WhatsApp/Media/WhatsApp Documents/IMG_20221110_174450.jpg'),
(374,2,'/storage/emulated/0/Android/media/com.whatsapp/WhatsApp/Media/WhatsApp Documents/IMG_20221110_174452_1.jpg'),
(375,2,'/storage/emulated/0/Android/media/com.whatsapp/WhatsApp/Media/WhatsApp Documents/IMG_20221110_174154.jpg'),
(376,2,'/storage/emulated/0/Android/media/com.whatsapp/WhatsApp/Media/WhatsApp Documents/IMG_20221110_174509.jpg'),
(377,2,'/storage/emulated/0/Android/media/com.whatsapp/WhatsApp/Media/WhatsApp Documents/IMG_20221110_174449.jpg'),
(378,2,'/storage/emulated/0/Android/media/com.whatsapp/WhatsApp/Media/WhatsApp Documents/IMG_20221110_174452.jpg'),
(379,2,'/storage/emulated/0/Android/media/com.whatsapp/WhatsApp/Media/WhatsApp Documents/IMG_20221110_174437.jpg'),
(380,2,'/storage/emulated/0/Android/media/com.whatsapp/WhatsApp/Media/WhatsApp Documents/IMG_20221110_174448.jpg'),
(381,2,'/storage/emulated/0/Android/media/com.whatsapp/WhatsApp/Media/WhatsApp Documents/IMG_20221110_174152.jpg'),
(382,2,'/storage/emulated/0/Android/media/com.whatsapp/WhatsApp/Media/WhatsApp Documents/IMG_20221110_174151.jpg'),
(383,2,'/storage/emulated/0/Android/media/com.whatsapp/WhatsApp/Media/WhatsApp Documents/IMG_20221110_174228.jpg'),
(384,2,'/storage/emulated/0/Android/media/com.whatsapp/WhatsApp/Media/WhatsApp Documents/IMG_20221110_174234.jpg'),
(385,2,'/storage/emulated/0/Android/media/com.whatsapp/WhatsApp/Media/WhatsApp Documents/IMG_20221110_174441.jpg'),
(386,2,'/storage/emulated/0/Android/media/com.whatsapp/WhatsApp/Media/WhatsApp Documents/WhatsApp Image 2022-12-12 at 16.13.53.jpg'),
(387,2,'/storage/emulated/0/Android/media/com.whatsapp/WhatsApp/Media/WhatsApp Documents/WhatsApp Image 2022-12-12 at 16.13.59.jpg'),
(388,2,'/storage/emulated/0/Android/media/com.whatsapp/WhatsApp/Media/WhatsApp Documents/IMG20230115175809.jpg'),
(389,2,''),
(390,2,'/storage/emulated/0/DCIM/Camera/IMG_20221118_163645.jpg'),
(391,2,'/storage/emulated/0/DCIM/Camera/IMG_20221225_205430.jpg'),
(392,2,'/storage/emulated/0/DCIM/Camera/IMG_20230110_202936.jpg'),
(393,2,'/storage/emulated/0/DCIM/Snapchat/Snapchat-1287524123.jpg'),
(394,2,'/storage/emulated/0/DCIM/Snapchat/Snapchat-891379314.jpg'),
(395,2,'/storage/emulated/0/DCIM/Restored/Snapchat-677737217.jpg'),
(396,2,'/storage/emulated/0/Android/media/com.whatsapp/WhatsApp/Media/WhatsApp Images/IMG-20221120-WA0009.jpg'),
(397,2,'/storage/emulated/0/Android/media/com.whatsapp/WhatsApp/Media/WhatsApp Images/IMG-20221206-WA0002.jpg'),
(398,2,'/storage/emulated/0/Android/media/com.whatsapp/WhatsApp/Media/WhatsApp Images/IMG-20221225-WA0076.jpg'),
(399,2,'/storage/emulated/0/Android/media/com.whatsapp/WhatsApp/Media/WhatsApp Images/IMG-20230108-WA0024.jpg'),
(400,2,'/storage/emulated/0/Android/media/com.whatsapp/WhatsApp/Media/WhatsApp Images/IMG-20230115-WA0044.jpg'),
(401,2,'/storage/emulated/0/Android/media/com.whatsapp/WhatsApp/Media/WhatsApp Documents/IMG_20221110_174752.jpg'),
(402,2,'/storage/emulated/0/Android/media/com.whatsapp/WhatsApp/Media/WhatsApp Documents/IMG_20221110_174229.jpg'),
(403,3,'/storage/emulated/0/Android/data/com.google.android.gms/files/gmsnet2.jpg'),
(404,3,'/storage/emulated/0/Android/data/com.zm.watersort/cache/UnityAdsCache/UnityAdsCache-99ba86e12faacd8992dc82160142526233d5e7f1f799c8dddaf7ed330f112e58.jpg'),
(405,3,'/storage/emulated/0/Huawei/MagazineUnlock/MagazinePic-01-2.3.001-bigpicture_01_1.jpg'),
(406,3,'/storage/emulated/0/Huawei/MagazineUnlock/MagazinePic-01-2.3.001-bigpicture_01_2.jpg'),
(407,3,'/storage/emulated/0/Huawei/MagazineUnlock/MagazinePic-01-2.3.001-bigpicture_01_3.jpg'),
(408,3,'/storage/emulated/0/Huawei/MagazineUnlock/MagazinePic-01-2.3.001-bigpicture_01_4.jpg'),
(409,3,'/storage/emulated/0/Huawei/MagazineUnlock/MagazinePic-01-2.3.001-bigpicture_01_5.jpg'),
(410,3,'/storage/emulated/0/Huawei/MagazineUnlock/MagazinePic-01-2.3.001-bigpicture_01_6.jpg'),
(411,3,'/storage/emulated/0/Huawei/MagazineUnlock/MagazinePic-01-2.3.001-bigpicture_01_7.jpg'),
(412,3,'/storage/emulated/0/Huawei/MagazineUnlock/MagazinePic-01-2.3.001-bigpicture_01_8.jpg'),
(413,3,'/storage/emulated/0/Huawei/MagazineUnlock/MagazinePic-01-2.3.001-bigpicture_01_9.jpg'),
(414,3,'/storage/emulated/0/Huawei/MagazineUnlock/MagazinePic-01-2.3.001-bigpicture_01_10.jpg'),
(415,3,'/storage/emulated/0/Huawei/MagazineUnlock/MagazinePic-01-2.3.001-bigpicture_01_11.jpg'),
(416,3,'/storage/emulated/0/Huawei/MagazineUnlock/MagazinePic-01-2.3.001-bigpicture_01_12.jpg'),
(417,3,'/storage/emulated/0/Huawei/MagazineUnlock/MagazinePic-01-2.3.001-bigpicture_01_13.jpg'),
(418,3,'/storage/emulated/0/Huawei/MagazineUnlock/MagazinePic-01-2.3.001-bigpicture_01_14.jpg'),
(419,3,'/storage/emulated/0/Huawei/MagazineUnlock/MagazinePic-01-2.3.001-bigpicture_01_15.jpg'),
(420,3,'/storage/emulated/0/Huawei/MagazineUnlock/MagazinePic-04-2.3.001-bigpicture_04_1.jpg'),
(421,3,'/storage/emulated/0/Huawei/MagazineUnlock/MagazinePic-04-2.3.001-bigpicture_04_2.jpg'),
(422,3,'/storage/emulated/0/Huawei/MagazineUnlock/MagazinePic-05-2.3.001-bigpicture_05_1.jpg'),
(423,3,'/storage/emulated/0/Huawei/MagazineUnlock/MagazinePic-05-2.3.001-bigpicture_05_2.jpg'),
(424,3,'/storage/emulated/0/Huawei/MagazineUnlock/MagazinePic-05-2.3.001-bigpicture_05_3.jpg'),
(425,3,'/storage/emulated/0/Huawei/MagazineUnlock/MagazinePic-05-2.3.001-bigpicture_05_4.jpg'),
(426,3,'/storage/emulated/0/Huawei/MagazineUnlock/MagazinePic-05-2.3.001-bigpicture_05_5.jpg'),
(427,3,'/storage/emulated/0/Huawei/MagazineUnlock/MagazinePic-05-2.3.001-bigpicture_05_6.jpg'),
(428,3,'/storage/emulated/0/Huawei/MagazineUnlock/MagazinePic-05-2.3.001-bigpicture_05_7.jpg'),
(429,3,'/storage/emulated/0/Huawei/MagazineUnlock/magazine-unlock-01-2.3.9762-_546146DE5C3E5C530540461B340B4D07.jpg'),
(430,3,'/storage/emulated/0/Huawei/MagazineUnlock/magazine-unlock-01-2.3.9762-_0B6A60453AD3A504FD97088648597EFD.jpg'),
(431,3,'/storage/emulated/0/Huawei/MagazineUnlock/magazine-unlock-01-2.3.9762-_A7980F79AAB3AE4A03CCA7A36CCBD46F.jpg'),
(432,3,'/storage/emulated/0/Huawei/MagazineUnlock/magazine-unlock-01-2.3.9762-_80054F0041842B6A3C24D92ADE9B9ECF.jpg'),
(433,3,'/storage/emulated/0/Huawei/MagazineUnlock/magazine-unlock-01-2.3.9762-_D7ADD64F6A51CB9F60C90430191587E4.jpg'),
(434,3,'/storage/emulated/0/Huawei/MagazineUnlock/magazine-unlock-01-2.3.9762-_9A9E345721C11EBC39A6A2EDF33A7B8A.jpg'),
(435,3,'/storage/emulated/0/Huawei/MagazineUnlock/magazine-unlock-01-2.3.9762-_77142E7117CCBE2650FAAF7F7CDA5E05.jpg'),
(436,3,'/storage/emulated/0/Huawei/MagazineUnlock/magazine-unlock-01-2.3.9762-_73C746CDBA40F58EC596ACFA8B1A6626.jpg'),
(437,3,'/storage/emulated/0/Huawei/MagazineUnlock/magazine-unlock-01-2.3.9762-_65E3EE7DC8B340C69C0B2133A4DE8570.jpg'),
(438,3,'/storage/emulated/0/Huawei/MagazineUnlock/magazine-unlock-01-2.3.9762-_94B807B998FF53C79DF97BD27239678C.jpg'),
(439,3,'/storage/emulated/0/Huawei/MagazineUnlock/magazine-unlock-01-2.3.10182-_51FB052059C1166BF744058122B4E4CC.jpg'),
(440,3,'/storage/emulated/0/Huawei/MagazineUnlock/magazine-unlock-01-2.3.10182-_32977C6BF3B29F02760507C64AA5DE1D.jpg'),
(441,3,'/storage/emulated/0/Huawei/MagazineUnlock/magazine-unlock-01-2.3.10182-_5CFB1F28B05BFC7900E64CCAD564D243.jpg'),
(442,3,'/storage/emulated/0/Huawei/MagazineUnlock/magazine-unlock-01-2.3.10182-_C7B96A1F5509BDAD5F356B7DD145FEA9.jpg'),
(443,3,'/storage/emulated/0/Huawei/MagazineUnlock/magazine-unlock-01-2.3.10182-_1154AC800292B51DE169F29CDCB5B2D2.jpg'),
(444,3,'/storage/emulated/0/Huawei/MagazineUnlock/magazine-unlock-01-2.3.10252-_ECCA44D198C68B526E7240D1A371141D.jpg'),
(445,3,'/storage/emulated/0/Huawei/MagazineUnlock/magazine-unlock-01-2.3.10252-_381BB9EECE8BF1E2BD293A5F00895EC7.jpg'),
(446,3,'/storage/emulated/0/Huawei/MagazineUnlock/magazine-unlock-01-2.3.10252-_4B913A7723D0FC09B2605D11C8632123.jpg'),
(447,3,'/storage/emulated/0/Huawei/MagazineUnlock/magazine-unlock-01-2.3.10252-_BE6F3D67CDC1E27CD3A465E4F4EB4D68.jpg'),
(448,3,'/storage/emulated/0/Huawei/MagazineUnlock/magazine-unlock-01-2.3.10252-_29E962BFE526C1D79FBC07480AE70848.jpg'),
(449,3,'/storage/emulated/0/Huawei/MagazineUnlock/magazine-unlock-01-2.3.10322-_50547612C0BD3B343F6A2D925FD77EA6.jpg'),
(450,3,'/storage/emulated/0/Huawei/MagazineUnlock/magazine-unlock-01-2.3.10322-_F6ADC2F045786483A3FF1F0289F191B0.jpg'),
(451,3,'/storage/emulated/0/Huawei/MagazineUnlock/magazine-unlock-01-2.3.10322-_20F726D022CA093594A31C907BA0484B.jpg'),
(452,3,'/storage/emulated/0/Huawei/MagazineUnlock/magazine-unlock-01-2.3.10322-_0461E63EA7A023914B98F0FBE0DEFD59.jpg'),
(453,3,'/storage/emulated/0/Huawei/MagazineUnlock/magazine-unlock-01-2.3.10322-_EF840F7DA705ED58F06639EBAE39F88B.jpg'),
(454,3,'/storage/emulated/0/Huawei/MagazineUnlock/magazine-unlock-01-2.3.10392-_83B20D8FBA828852BEB96E4BD33E2185.jpg'),
(455,3,'/storage/emulated/0/Huawei/MagazineUnlock/magazine-unlock-01-2.3.10392-_1DFEDD08E10B44517E07909625883372.jpg'),
(456,3,'/storage/emulated/0/Huawei/MagazineUnlock/magazine-unlock-01-2.3.10392-_F4DCB666D33F62399D689BF45A5D42D8.jpg'),
(457,3,'/storage/emulated/0/Huawei/MagazineUnlock/magazine-unlock-01-2.3.10392-_AD110947FCDCC6D307B8BE83B199198E.jpg'),
(458,3,'/storage/emulated/0/Huawei/MagazineUnlock/magazine-unlock-01-2.3.10392-_BDF62197CDC7F7A2A769B8B3E0A282EE.jpg'),
(459,3,'/storage/emulated/0/Huawei/MagazineUnlock/magazine-unlock-01-2.3.10462-_05BC315D53E29DB27A552BDF87933BFB.jpg'),
(460,3,'/storage/emulated/0/Huawei/MagazineUnlock/magazine-unlock-01-2.3.10462-_997B9CB6F05B9A3E33A6C3F5F13F7918.jpg'),
(461,3,'/storage/emulated/0/Huawei/MagazineUnlock/magazine-unlock-01-2.3.10532-_0E1B335200FF47F6B2840814D1BF0848.jpg'),
(462,3,'/storage/emulated/0/Huawei/MagazineUnlock/magazine-unlock-01-2.3.10532-_9F07128CEEBECC5F11AEA472F6413265.jpg'),
(463,3,'/storage/emulated/0/Huawei/MagazineUnlock/magazine-unlock-01-2.3.10602-_904F5C966A2EA879D130790C1A0EEE22.jpg'),
(464,3,'/storage/emulated/0/Huawei/MagazineUnlock/magazine-unlock-01-2.3.10672-_1FD45E34B714E1C9FA7EA956CA9D2B82.jpg'),
(465,3,'/storage/emulated/0/Huawei/MagazineUnlock/magazine-unlock-01-2.3.10672-_37BA85829CEB410E6F97FFB958D0E44F.jpg'),
(466,3,'/storage/emulated/0/Huawei/MagazineUnlock/magazine-unlock-01-2.3.10672-_9DAACCB42CAFED87F3235EF2C113CA64.jpg'),
(467,3,'/storage/emulated/0/Huawei/MagazineUnlock/magazine-unlock-01-2.3.10742-_3B58E27B93BE94DAC18E7263649610C1.jpg'),
(468,3,'/storage/emulated/0/Huawei/MagazineUnlock/magazine-unlock-01-2.3.10742-_2207D2C908F7820BE0099A3DEBCBA252.jpg'),
(469,3,'/storage/emulated/0/Huawei/MagazineUnlock/magazine-unlock-01-2.3.10742-_E1FB9F3D30543834D50AEF3ADDF38382.jpg'),
(470,3,'/storage/emulated/0/Huawei/MagazineUnlock/magazine-unlock-01-2.3.10742-_CD56035BD5D45B0712028E8F1EDB32A3.jpg'),
(471,3,'/storage/emulated/0/Huawei/MagazineUnlock/magazine-unlock-01-2.3.10812-_09A9BA6F87BC2C8A8BB70C64351999C5.jpg'),
(472,3,'/storage/emulated/0/Huawei/MagazineUnlock/magazine-unlock-01-2.3.10812-_DF234BF5C8FF4C368D69FA6D9105B3A7.jpg'),
(473,3,'/storage/emulated/0/Huawei/MagazineUnlock/magazine-unlock-01-2.3.10882-_57BA532193AB6A1AE89F65E6A5B6EF14.jpg'),
(474,3,'/storage/emulated/0/Huawei/MagazineUnlock/magazine-unlock-01-2.3.10952-_FBA32DE4B09A73356A6BFC2F114BE074.jpg'),
(475,3,'/storage/emulated/0/Huawei/MagazineUnlock/magazine-unlock-01-2.3.10952-_2BECFA807A7E87FF4321EE31CDA0D419.jpg'),
(476,3,'/storage/emulated/0/Huawei/MagazineUnlock/magazine-unlock-01-2.3.11022-_200D0B0C3808E69D3526834DB0BD6E27.jpg'),
(477,3,'/storage/emulated/0/Huawei/MagazineUnlock/magazine-unlock-01-2.3.11022-_9A0DAB0A41A06DC67CBB3F5AE99CEED2.jpg'),
(478,3,'/storage/emulated/0/Huawei/MagazineUnlock/magazine-unlock-01-2.3.11022-_2BBB3A08D60DA8E8F9807A85116E94A9.jpg'),
(479,3,'/storage/emulated/0/Huawei/MagazineUnlock/magazine-unlock-01-2.3.11022-_1C80DF66E47949C813FBDB08AF0000BD.jpg'),
(480,3,'/storage/emulated/0/Huawei/MagazineUnlock/magazine-unlock-01-2.3.11022-_7B85D57D49ED933970810A0DF4800739.jpg'),
(481,3,'/storage/emulated/0/Huawei/MagazineUnlock/magazine-unlock-01-2.3.11092-_A770F6AAC30A25581EF140CFF3DDDD5A.jpg'),
(482,3,'/storage/emulated/0/Huawei/MagazineUnlock/magazine-unlock-01-2.3.11092-_385476F7999EEB88A71786B3F89242A4.jpg'),
(483,3,'/storage/emulated/0/Huawei/MagazineUnlock/magazine-unlock-01-2.3.11092-_3DD562DD44E8681B6FE75E0FDB4F0BED.jpg'),
(484,3,'/storage/emulated/0/Huawei/MagazineUnlock/magazine-unlock-01-2.3.11162-_8F5D5BF6137863A0D33EE33290337585.jpg'),
(485,3,'/storage/emulated/0/Huawei/MagazineUnlock/magazine-unlock-01-2.3.11162-_26CCADA37F5CA9B76AB30812F5CDD667.jpg'),
(486,3,'/storage/emulated/0/Huawei/MagazineUnlock/magazine-unlock-01-2.3.11162-_875264514BD233A814EB5B041021CCE4.jpg'),
(487,3,'/storage/emulated/0/Huawei/MagazineUnlock/magazine-unlock-01-2.3.11162-_6B1552161567575E577CF3E175FBFA97.jpg'),
(488,3,'/storage/emulated/0/Huawei/MagazineUnlock/magazine-unlock-01-2.3.11162-_368EDE0CA680935B118554CB8ADE1DB3.jpg'),
(489,3,'/storage/emulated/0/Huawei/MagazineUnlock/magazine-unlock-01-2.3.11162-_89F6D7CD1D32F3CACF12F82AD1B25EC7.jpg'),
(490,3,'/storage/emulated/0/Huawei/MagazineUnlock/magazine-unlock-01-2.3.11162-_FC38BFAE81734D7C268FFF29D73BE27A.jpg'),
(491,3,'/storage/emulated/0/Huawei/MagazineUnlock/magazine-unlock-01-2.3.11232-_7580552CB909A404CD7C3B5B4C5EFE28.jpg'),
(492,3,'/storage/emulated/0/Huawei/MagazineUnlock/magazine-unlock-01-2.3.11232-_1EC1737ED8BEE2DD14358067E4E5A797.jpg'),
(493,3,'/storage/emulated/0/Huawei/MagazineUnlock/magazine-unlock-01-2.3.11232-_E043A6EF138733E47365D83037A77195.jpg'),
(494,3,'/storage/emulated/0/Huawei/MagazineUnlock/magazine-unlock-01-2.3.11232-_3ACD31414FE1D1A5EE153DB436EE6A4C.jpg'),
(495,3,'/storage/emulated/0/Huawei/MagazineUnlock/magazine-unlock-01-2.3.11232-_6E46DD981B8F1152FD3818162D80EC07.jpg'),
(496,3,'/storage/emulated/0/Huawei/MagazineUnlock/magazine-unlock-01-2.3.11232-_691ACABE966CDFEFE92D9C64FB8DBA2D.jpg'),
(497,3,'/storage/emulated/0/Huawei/MagazineUnlock/magazine-unlock-01-2.3.11302-_D811FED0B6AA020D55CEA3597BEA8E1C.jpg'),
(498,3,'/storage/emulated/0/Huawei/MagazineUnlock/magazine-unlock-01-2.3.11302-_E9EE9E4F0A4ED1524F7B822E744F6F47.jpg'),
(499,3,'/storage/emulated/0/Huawei/MagazineUnlock/magazine-unlock-01-2.3.11302-_16CB438C14483B1014693992E78FB519.jpg'),
(500,3,'/storage/emulated/0/Huawei/MagazineUnlock/magazine-unlock-01-2.3.11362-_29F48A857372595AB8E3222EF72EA71C.jpg'),
(501,3,'/storage/emulated/0/Huawei/MagazineUnlock/magazine-unlock-01-2.3.11362-_0C8EE73584555AA25D240C667F0833A2.jpg'),
(502,3,'/storage/emulated/0/Huawei/MagazineUnlock/magazine-unlock-01-2.3.11362-_2F4B27868590F15F5621D5C541F784A9.jpg'),
(503,3,'/storage/emulated/0/Huawei/MagazineUnlock/magazine-unlock-01-2.3.11362-_B083D8182F7AD2BABCB9E0CB4CFE4E56.jpg'),
(504,3,'/storage/emulated/0/Huawei/MagazineUnlock/magazine-unlock-01-2.3.10462-_014C91698582E0B5DA4C3FAF6DEE1647.jpg'),
(505,3,'/storage/emulated/0/Huawei/MagazineUnlock/magazine-unlock-01-2.3.10462-_FE46A126E48EE58AC3BF233937074C70.jpg'),
(506,3,'/storage/emulated/0/Huawei/MagazineUnlock/magazine-unlock-01-2.3.10462-_7744EF57C9E69DD2E3E50390A09CB861.jpg'),
(507,3,'/storage/emulated/0/Huawei/MagazineUnlock/magazine-unlock-01-2.3.10532-_508D3B117945AB1119E69B2E2FA9EDF7.jpg'),
(508,3,'/storage/emulated/0/Huawei/MagazineUnlock/magazine-unlock-01-2.3.10532-_7B54EDA21D3517B3B57D13E16D2E6F44.jpg'),
(509,3,'/storage/emulated/0/Huawei/MagazineUnlock/magazine-unlock-01-2.3.10532-_B0261969771A00C552F36DD652572CBB.jpg'),
(510,3,'/storage/emulated/0/Huawei/MagazineUnlock/magazine-unlock-01-2.3.10602-_53931FEA5A0F18E981330A6DA78FB3C5.jpg'),
(511,3,'/storage/emulated/0/Huawei/MagazineUnlock/magazine-unlock-01-2.3.10602-_C9014D2D6ECD8738F64D9914D1F25F73.jpg'),
(512,3,'/storage/emulated/0/Huawei/MagazineUnlock/magazine-unlock-01-2.3.10602-_1BA50AE2A77BD15A05BCE8BDA8EF609F.jpg'),
(513,3,'/storage/emulated/0/Huawei/MagazineUnlock/magazine-unlock-01-2.3.10602-_B1F7635D66572AED25059D1950FA2838.jpg'),
(514,3,'/storage/emulated/0/Huawei/MagazineUnlock/magazine-unlock-01-2.3.10672-_91D3EB84FC8E2AC73D7966BF73E91799.jpg'),
(515,3,'/storage/emulated/0/Huawei/MagazineUnlock/magazine-unlock-01-2.3.10672-_FD62937F703868D47B78A20BFD8639E4.jpg'),
(516,3,'/storage/emulated/0/Huawei/MagazineUnlock/magazine-unlock-01-2.3.10742-_48EEF3ADA0C1A2FCCDAB6CD640E971AD.jpg'),
(517,3,'/storage/emulated/0/Huawei/MagazineUnlock/magazine-unlock-01-2.3.10812-_53726CECF0637752F39C32CCF90B378B.jpg'),
(518,3,'/storage/emulated/0/Huawei/MagazineUnlock/magazine-unlock-01-2.3.10812-_94E6661F0A1E37875ACB8BEA3CFA43E8.jpg'),
(519,3,'/storage/emulated/0/Huawei/MagazineUnlock/magazine-unlock-01-2.3.10812-_8A4E6236ED71FDB708B36C52517114D6.jpg'),
(520,3,'/storage/emulated/0/Huawei/MagazineUnlock/magazine-unlock-01-2.3.10882-_1C72A2662C16E3D7ADF8309005134AA7.jpg'),
(521,3,'/storage/emulated/0/Huawei/MagazineUnlock/magazine-unlock-01-2.3.10882-_5B36A614980FCEF4DF0C76093209E95A.jpg'),
(522,3,'/storage/emulated/0/Huawei/MagazineUnlock/magazine-unlock-01-2.3.10882-_F609755DC9E0E347BAD6244CE3823708.jpg'),
(523,3,'/storage/emulated/0/Huawei/MagazineUnlock/magazine-unlock-01-2.3.10882-_06EF3B8621A288E609DCD14E9E4D09EF.jpg'),
(524,3,'/storage/emulated/0/Huawei/MagazineUnlock/magazine-unlock-01-2.3.10952-_BB6E42492188A2587023DAE3568EA374.jpg'),
(525,3,'/storage/emulated/0/Huawei/MagazineUnlock/magazine-unlock-01-2.3.10952-_50AC20D337AC74A9BA45D484B2587E8D.jpg'),
(526,3,'/storage/emulated/0/Huawei/MagazineUnlock/magazine-unlock-01-2.3.10952-_FFA50E589103643727B9F1F53582D265.jpg'),
(527,3,'/storage/emulated/0/Huawei/MagazineUnlock/magazine-unlock-01-2.3.11022-_E1AEE24599DF1C62CE59EBB7F2151957.jpg'),
(528,3,'/storage/emulated/0/Huawei/MagazineUnlock/magazine-unlock-01-2.3.11022-_70EDAE9999EEE7015BAC7400ECEEE704.jpg'),
(529,3,'/storage/emulated/0/Huawei/MagazineUnlock/magazine-unlock-01-2.3.11022-_F729227F5065AB062EB4C04366FBF43A.jpg'),
(530,3,'/storage/emulated/0/Huawei/MagazineUnlock/magazine-unlock-01-2.3.11022-_2DBB0AA4615717C836216675604CFC32.jpg'),
(531,3,'/storage/emulated/0/Huawei/MagazineUnlock/magazine-unlock-01-2.3.11022-_5A9DA6B1708F0075F3A901D611DB821B.jpg'),
(532,3,'/storage/emulated/0/Huawei/MagazineUnlock/magazine-unlock-01-2.3.11092-_BC07E74FBB523427D55DE147827781E0.jpg'),
(533,3,'/storage/emulated/0/Huawei/MagazineUnlock/magazine-unlock-01-2.3.11092-_29A532FA5BB23BB79AE0811D789D0A10.jpg'),
(534,3,'/storage/emulated/0/Huawei/MagazineUnlock/magazine-unlock-01-2.3.11092-_CDE400821381E8CFA04C6A3704A7568E.jpg'),
(535,3,'/storage/emulated/0/Huawei/MagazineUnlock/magazine-unlock-01-2.3.11092-_98F5F45E15EBB560B4D24BBC31ECE4E9.jpg'),
(536,3,'/storage/emulated/0/Huawei/MagazineUnlock/magazine-unlock-01-2.3.11092-_C116F2293287C2886BB477DE6FC5012A.jpg'),
(537,3,'/storage/emulated/0/Huawei/MagazineUnlock/magazine-unlock-01-2.3.11092-_CC740FE47874CFECFF4F973683CB1B95.jpg'),
(538,3,'/storage/emulated/0/Huawei/MagazineUnlock/magazine-unlock-01-2.3.11092-_FD7A99D5A3E2277118DC7E5D0BDD01AA.jpg'),
(539,3,'/storage/emulated/0/Huawei/MagazineUnlock/magazine-unlock-01-2.3.11162-_56BB8C815ED4529D73B3BA9A705A5850.jpg'),
(540,3,'/storage/emulated/0/Huawei/MagazineUnlock/magazine-unlock-01-2.3.11162-_8E44743215DA70A8A5363876B06CAD19.jpg'),
(541,3,'/storage/emulated/0/Huawei/MagazineUnlock/magazine-unlock-01-2.3.11162-_C36E64B65FA1AD4E59333942C683ADD4.jpg'),
(542,3,'/storage/emulated/0/Huawei/MagazineUnlock/magazine-unlock-01-2.3.11232-_65DC775D96FBF6ADB2661F0621929FEF.jpg'),
(543,3,'/storage/emulated/0/Huawei/MagazineUnlock/magazine-unlock-01-2.3.11232-_D977795ECE5851EFE5F778C18BFC968B.jpg'),
(544,3,'/storage/emulated/0/Huawei/MagazineUnlock/magazine-unlock-01-2.3.11232-_E57B59984CDB7EA1ED5F92638D258031.jpg'),
(545,3,'/storage/emulated/0/Huawei/MagazineUnlock/magazine-unlock-01-2.3.11232-_9DCB2AC2D5E60E357F0BD4B67D51C5FA.jpg'),
(546,3,'/storage/emulated/0/Huawei/MagazineUnlock/magazine-unlock-01-2.3.11302-_B59130529A676F9DDFE13E960E818D70.jpg'),
(547,3,'/storage/emulated/0/Huawei/MagazineUnlock/magazine-unlock-01-2.3.11302-_336778F9861683A4A9DEA90AEA852DB1.jpg'),
(548,3,'/storage/emulated/0/Huawei/MagazineUnlock/magazine-unlock-01-2.3.11302-_7EF233514781B74380F817D18ADEF987.jpg'),
(549,3,'/storage/emulated/0/Huawei/MagazineUnlock/magazine-unlock-01-2.3.11302-_4353EF92657547274CDE02FB9382994F.jpg'),
(550,3,'/storage/emulated/0/Huawei/MagazineUnlock/magazine-unlock-01-2.3.11432-_32C0306680C1DE3B5D2888D60D8C58E4.jpg'),
(551,3,'/storage/emulated/0/Huawei/MagazineUnlock/magazine-unlock-01-2.3.11432-_C19FDFBF52C8872E4F1E69D0AB3549C1.jpg'),
(552,3,'/storage/emulated/0/Huawei/MagazineUnlock/magazine-unlock-01-2.3.11432-_CEB05309D2EA358D0939C3DFA4268176.jpg'),
(553,3,'/storage/emulated/0/Huawei/MagazineUnlock/magazine-unlock-01-2.3.11502-_D243098E842194D9C6EEE5BC72B7A477.jpg'),
(554,3,'/storage/emulated/0/Huawei/MagazineUnlock/magazine-unlock-01-2.3.11502-_60D44FF3314EAC75A44C867DD9BE51A8.jpg'),
(555,3,'/storage/emulated/0/Huawei/MagazineUnlock/magazine-unlock-01-2.3.11502-_AE1A2A2ED4D127503EE91F0EDBF56B4D.jpg'),
(556,3,'/storage/emulated/0/Huawei/MagazineUnlock/magazine-unlock-01-2.3.11572-_C7C256FEB905FD322618EDF1650D2873.jpg'),
(557,3,'/storage/emulated/0/Huawei/MagazineUnlock/magazine-unlock-01-2.3.11572-_0B55BF88E3051F534DB6029A77B53C65.jpg'),
(558,3,'/storage/emulated/0/Huawei/MagazineUnlock/magazine-unlock-01-2.3.11652-_992B3EF245FFF68FB49657DC7351E78A.jpg'),
(559,3,'/storage/emulated/0/Huawei/MagazineUnlock/magazine-unlock-01-2.3.11652-_75ABC706B6A04117CB592D16DAE24195.jpg'),
(560,3,'/storage/emulated/0/Huawei/MagazineUnlock/magazine-unlock-01-2.3.11652-_33F00831A202DF537C9D9F0F1DFC1E26.jpg'),
(561,3,'/storage/emulated/0/Huawei/MagazineUnlock/magazine-unlock-01-2.3.11722-_641C1C12EF78AEA26AB9042391E48C2B.jpg'),
(562,3,'/storage/emulated/0/Huawei/MagazineUnlock/magazine-unlock-01-2.3.11722-_D0FA6092896819E42915EA449B639B2E.jpg'),
(563,3,'/storage/emulated/0/Huawei/MagazineUnlock/magazine-unlock-01-2.3.11722-_EC68460A49DA388B3EBAE8104E0D4144.jpg'),
(564,3,'/storage/emulated/0/Huawei/MagazineUnlock/magazine-unlock-01-2.3.11792-_6171C5D0B4FAF9DD3E9BA8CA99912B3E.jpg'),
(565,3,'/storage/emulated/0/Huawei/MagazineUnlock/magazine-unlock-01-2.3.11862-_3FA1BA8D1BC2D3FD7B81CC6A4D4B0AAC.jpg'),
(566,3,'/storage/emulated/0/Huawei/MagazineUnlock/magazine-unlock-01-2.3.11862-_2A55AA360BE69DC7D0CDD9AF2ACDFD90.jpg'),
(567,3,'/storage/emulated/0/Huawei/MagazineUnlock/magazine-unlock-01-2.3.11862-_5E1A4A9D8B1C578D0C580349854E3890.jpg'),
(568,3,'/storage/emulated/0/Huawei/MagazineUnlock/magazine-unlock-01-2.3.11932-_3DAC932C5F3D243897F36D34F4BFD686.jpg'),
(569,3,'/storage/emulated/0/Huawei/MagazineUnlock/magazine-unlock-01-2.3.11932-_34C7B6EC8BF24AD8FABE96C9D3CC5977.jpg'),
(570,3,'/storage/emulated/0/Huawei/MagazineUnlock/magazine-unlock-01-2.3.11932-_7303B69A245326F0E95AECF0F71AE789.jpg'),
(571,3,'/storage/emulated/0/Huawei/MagazineUnlock/magazine-unlock-01-2.3.12002-_9C6C36726C2C85800BDFA2EF4FF5B738.jpg'),
(572,3,'/storage/emulated/0/Huawei/MagazineUnlock/magazine-unlock-01-2.3.12002-_63B6DD676486D61C05076E44357F0E05.jpg'),
(573,3,'/storage/emulated/0/Huawei/MagazineUnlock/magazine-unlock-01-2.3.12072-_58B26F1EDC803F77D80950087199DA29.jpg'),
(574,3,'/storage/emulated/0/Huawei/MagazineUnlock/magazine-unlock-01-2.3.12072-_E09865D087DB80EBD111F3F9D9AAAB04.jpg'),
(575,3,'/storage/emulated/0/Huawei/MagazineUnlock/magazine-unlock-01-2.3.12072-_9F18DBD0CD8C338E02210ED9A97396EB.jpg'),
(576,3,'/storage/emulated/0/Huawei/MagazineUnlock/magazine-unlock-01-2.3.12072-_A24708A5260E5649332A0D6E21E7033E.jpg'),
(577,3,'/storage/emulated/0/Huawei/MagazineUnlock/magazine-unlock-01-2.3.12142-_88773A73F0B46644AF226A48CE2C0A8B.jpg'),
(578,3,'/storage/emulated/0/Huawei/MagazineUnlock/magazine-unlock-01-2.3.12142-_C77CE68426EAE378D3A2FA99109FAAB5.jpg'),
(579,3,'/storage/emulated/0/Huawei/MagazineUnlock/magazine-unlock-01-2.3.12212-_2CC4BD407ED89A830D7953C0A6DD6774.jpg'),
(580,3,'/storage/emulated/0/Huawei/MagazineUnlock/magazine-unlock-01-2.3.12212-_7E1EB7B8AA0A7FABFAC203C1A6137CF0.jpg'),
(581,3,'/storage/emulated/0/Huawei/MagazineUnlock/magazine-unlock-01-2.3.12212-_9F9D047C3591B09FD59752FB3B4A1608.jpg'),
(582,3,'/storage/emulated/0/Huawei/MagazineUnlock/magazine-unlock-01-2.3.12352-_011312D1D09605FDBF09EC1FA2737671.jpg'),
(583,3,'/storage/emulated/0/Huawei/MagazineUnlock/magazine-unlock-01-2.3.12422-_0014F7E2C980D0D75CE7EA4D3D523D60.jpg'),
(584,3,'/storage/emulated/0/Huawei/MagazineUnlock/magazine-unlock-01-2.3.12422-_2AB65E4E2F3176EAAC08A07ED3F791B3.jpg'),
(585,3,'/storage/emulated/0/Huawei/MagazineUnlock/magazine-unlock-01-2.3.12422-_41852C09F8EBEF945132E3E5914BD7C0.jpg'),
(586,3,'/storage/emulated/0/Huawei/MagazineUnlock/magazine-unlock-01-2.3.12702-_28D60F7BFD1E20203C8B88DC9F3A6377.jpg'),
(587,3,'/storage/emulated/0/Huawei/MagazineUnlock/magazine-unlock-01-2.3.12702-_6BF506615DDB1E8110DD548A26629C52.jpg'),
(588,3,'/storage/emulated/0/Huawei/MagazineUnlock/magazine-unlock-01-2.3.12702-_A5BA84F3ACC8C952CD7CBD7BA05B5733.jpg'),
(589,3,'/storage/emulated/0/Huawei/MagazineUnlock/magazine-unlock-01-2.3.12772-_F4C3E20D656274D54C9DD4043DFCEC75.jpg'),
(590,3,'/storage/emulated/0/Huawei/MagazineUnlock/magazine-unlock-01-2.3.12772-_D9740BFA76287EDEA0D9B462075C2909.jpg'),
(591,3,'/storage/emulated/0/Huawei/MagazineUnlock/magazine-unlock-01-2.3.12842-_802B0713835BAE536DEEC447EC2FB902.jpg'),
(592,3,'/storage/emulated/0/Huawei/MagazineUnlock/magazine-unlock-01-2.3.12842-_CE733C0091E7DBB711472DFDD24CBC0B.jpg'),
(593,3,'/storage/emulated/0/Huawei/MagazineUnlock/magazine-unlock-01-2.3.12842-_AA56F80ECF96F9D080423A16B976FAAC.jpg'),
(594,3,'/storage/emulated/0/Huawei/MagazineUnlock/magazine-unlock-01-2.3.12842-_ED4367A12B1F7AF0B449FC3335344AFA.jpg'),
(595,3,'/storage/emulated/0/Huawei/MagazineUnlock/magazine-unlock-01-2.3.12912-_35B7A5C27734F94A5F779EAE54781F07.jpg'),
(596,3,'/storage/emulated/0/Huawei/MagazineUnlock/magazine-unlock-01-2.3.11362-_146AF1C5384353D660BC9BB8BBDC95A0.jpg'),
(597,3,'/storage/emulated/0/Huawei/MagazineUnlock/magazine-unlock-01-2.3.11362-_9D0BAEB40BCC58091E233D52DCF19740.jpg'),
(598,3,'/storage/emulated/0/Huawei/MagazineUnlock/magazine-unlock-01-2.3.11362-_5C6E8FB689A7C9D5219E12F6D24CEC86.jpg'),
(599,3,'/storage/emulated/0/Huawei/MagazineUnlock/magazine-unlock-01-2.3.11432-_8538FAB92F3F6AAEB237D9063BF29C85.jpg'),
(600,3,'/storage/emulated/0/Huawei/MagazineUnlock/magazine-unlock-01-2.3.11432-_67A065F42AFEDAC29F4DF38BF0EE1EE4.jpg'),
(601,3,'/storage/emulated/0/Huawei/MagazineUnlock/magazine-unlock-01-2.3.11502-_2202E90594765B181E62A3DA9AC82EF7.jpg'),
(602,3,'/storage/emulated/0/Huawei/MagazineUnlock/magazine-unlock-01-2.3.11502-_F1C15B891010DF232124A9D62C09347D.jpg'),
(603,3,'/storage/emulated/0/Huawei/MagazineUnlock/magazine-unlock-01-2.3.11572-_FF3ABD18966358B6ACF9FB712D952D3D.jpg'),
(604,3,'/storage/emulated/0/Huawei/MagazineUnlock/magazine-unlock-01-2.3.11572-_B0F50F8FF8A442ACFFCEDF6B47B98AF0.jpg'),
(605,3,'/storage/emulated/0/Huawei/MagazineUnlock/magazine-unlock-01-2.3.11572-_05434D6BE7390D8C6425DE24C3CD4A65.jpg'),
(606,3,'/storage/emulated/0/Huawei/MagazineUnlock/magazine-unlock-01-2.3.11572-_7CC0364F3E17BD88004CEC1B7FAEEC8F.jpg'),
(607,3,'/storage/emulated/0/Huawei/MagazineUnlock/magazine-unlock-01-2.3.11652-_D2D14F6EEF4D05FEABC169AB17171E55.jpg'),
(608,3,'/storage/emulated/0/Huawei/MagazineUnlock/magazine-unlock-01-2.3.11652-_BA1EBC3366895AEDDA1C3BB90330AA24.jpg'),
(609,3,'/storage/emulated/0/Huawei/MagazineUnlock/magazine-unlock-01-2.3.11652-_50AB181695CF306A86EEE3DE2784F6CD.jpg'),
(610,3,'/storage/emulated/0/Huawei/MagazineUnlock/magazine-unlock-01-2.3.11652-_680D6696CF56B86E470F9E7B3A10ECD0.jpg'),
(611,3,'/storage/emulated/0/Huawei/MagazineUnlock/magazine-unlock-01-2.3.11722-_709EE6E033C8C14AFD4F74037E259C3C.jpg'),
(612,3,'/storage/emulated/0/Huawei/MagazineUnlock/magazine-unlock-01-2.3.11722-_0E4783DED22A563457A88553B0F3B98A.jpg'),
(613,3,'/storage/emulated/0/Huawei/MagazineUnlock/magazine-unlock-01-2.3.11792-_A37C6AF3FB81B6E4123858C792C2AD96.jpg'),
(614,3,'/storage/emulated/0/Huawei/MagazineUnlock/magazine-unlock-01-2.3.11862-_FDC1296E9F276E784DA3B8A4B653C9FF.jpg'),
(615,3,'/storage/emulated/0/Huawei/MagazineUnlock/magazine-unlock-01-2.3.11932-_A0603200A3FBF47B7D5733055EE83A87.jpg'),
(616,3,'/storage/emulated/0/Huawei/MagazineUnlock/magazine-unlock-01-2.3.11932-_C7B6C36B52887143537E4761A9B4261A.jpg'),
(617,3,'/storage/emulated/0/Huawei/MagazineUnlock/magazine-unlock-01-2.3.12002-_AEC67AE465013136BFDEA969B9B7B662.jpg'),
(618,3,'/storage/emulated/0/Huawei/MagazineUnlock/magazine-unlock-01-2.3.12002-_AD4368B534B503834E138503BFB905FF.jpg'),
(619,3,'/storage/emulated/0/Huawei/MagazineUnlock/magazine-unlock-01-2.3.12072-_56FB98E782972415FBC3B5E6D58C95DE.jpg'),
(620,3,'/storage/emulated/0/Huawei/MagazineUnlock/magazine-unlock-01-2.3.12072-_4D39120F14E910E4EC7BC9418A76D540.jpg'),
(621,3,'/storage/emulated/0/Huawei/MagazineUnlock/magazine-unlock-01-2.3.12142-_508654FBA6B34CAC2369EF8363830A3C.jpg'),
(622,3,'/storage/emulated/0/Huawei/MagazineUnlock/magazine-unlock-01-2.3.12142-_0FD5A278D3BECE20B0B6543861AAFDD3.jpg'),
(623,3,'/storage/emulated/0/Huawei/MagazineUnlock/magazine-unlock-01-2.3.12212-_C4ABD211713F465D6ACB75EF3E65A984.jpg'),
(624,3,'/storage/emulated/0/Huawei/MagazineUnlock/magazine-unlock-01-2.3.12212-_8B3B7BE218651DECB476C67887EA0B10.jpg'),
(625,3,'/storage/emulated/0/Huawei/MagazineUnlock/magazine-unlock-01-2.3.12212-_D60B323C46DB260633F68F77677C2B66.jpg'),
(626,3,'/storage/emulated/0/Huawei/MagazineUnlock/magazine-unlock-01-2.3.12352-_AC2914C3AC75F2BA59CC5185758E3E2C.jpg'),
(627,3,'/storage/emulated/0/Huawei/MagazineUnlock/magazine-unlock-01-2.3.12352-_6F74317A7FFD14B60332450C76FDDC12.jpg'),
(628,3,'/storage/emulated/0/Huawei/MagazineUnlock/magazine-unlock-01-2.3.12422-_9CD0C4F5C0BCBC043402C4C54E6C2FFB.jpg'),
(629,3,'/storage/emulated/0/Huawei/MagazineUnlock/magazine-unlock-01-2.3.12422-_C73E643B8283F54E621CE0269FD4F951.jpg'),
(630,3,'/storage/emulated/0/Huawei/MagazineUnlock/magazine-unlock-01-2.3.12702-_61D7825C07F0F6F92CF5271F3A2CBC33.jpg'),
(631,3,'/storage/emulated/0/Huawei/MagazineUnlock/magazine-unlock-01-2.3.12702-_86BB468B7FD63F015D4FF34405F6BBBC.jpg'),
(632,3,'/storage/emulated/0/Huawei/MagazineUnlock/magazine-unlock-01-2.3.12702-_20452CAA174C821C3C82E2A37BDDAF80.jpg'),
(633,3,'/storage/emulated/0/Huawei/MagazineUnlock/magazine-unlock-01-2.3.12772-_FCDA5EC65381B281FDA50A3C944343E0.jpg'),
(634,3,'/storage/emulated/0/Huawei/MagazineUnlock/magazine-unlock-01-2.3.12772-_28E52C91637384FC302FB7E8C96B59AF.jpg'),
(635,3,'/storage/emulated/0/Huawei/MagazineUnlock/magazine-unlock-01-2.3.12772-_D8E112B8064C1915EC5A22093962DADF.jpg'),
(636,3,'/storage/emulated/0/Huawei/MagazineUnlock/magazine-unlock-01-2.3.12842-_55AAFDD3A87A0C08FCC24E6C6B96C21F.jpg'),
(637,3,'/storage/emulated/0/Huawei/MagazineUnlock/magazine-unlock-01-2.3.12842-_C7B06D6D753FD1F5E87CD79EA2C95FB5.jpg'),
(638,3,'/storage/emulated/0/Huawei/MagazineUnlock/magazine-unlock-01-2.3.12842-_B0428C91A7F5B0D63043260AEEA28B4A.jpg'),
(639,3,'/storage/emulated/0/Huawei/MagazineUnlock/magazine-unlock-01-2.3.12912-_80AA483A03DCE78EFB2B1A3939E8E08F.jpg'),
(640,3,'/storage/emulated/0/Huawei/MagazineUnlock/magazine-unlock-01-2.3.12912-_8B3A46D3E23F233C7DDB3EB3F029D4A5.jpg'),
(641,3,'/storage/emulated/0/Huawei/MagazineUnlock/magazine-unlock-01-2.3.12982-_905F878DD80F9067218D6E311412D65D.jpg'),
(642,3,'/storage/emulated/0/Huawei/MagazineUnlock/magazine-unlock-01-2.3.11362-_AA9185B255757791A02BB71C12C7E3B3.jpg'),
(643,3,'/storage/emulated/0/Huawei/MagazineUnlock/magazine-unlock-01-2.3.11362-_B0E96D1C198413BAEF169500D861AB25.jpg'),
(644,3,'/storage/emulated/0/Huawei/MagazineUnlock/magazine-unlock-01-2.3.11432-_3EAE6AB4C6799E202CD77FB8C1E5FE55.jpg'),
(645,3,'/storage/emulated/0/Huawei/MagazineUnlock/magazine-unlock-01-2.3.11502-_AB4AEE812B9A7D8A15DE486E6FFB36D0.jpg'),
(646,3,'/storage/emulated/0/Huawei/MagazineUnlock/magazine-unlock-01-2.3.11572-_8A2C573FBEDE4AEBB5DA3F8E0DF06674.jpg'),
(647,3,'/storage/emulated/0/Huawei/MagazineUnlock/magazine-unlock-01-2.3.11722-_5D089485378140426F9A0CB01917727E.jpg'),
(648,3,'/storage/emulated/0/Huawei/MagazineUnlock/magazine-unlock-01-2.3.11722-_A4DAAF8FF56A8F6DC1FFA7C87FB524C8.jpg'),
(649,3,'/storage/emulated/0/Huawei/MagazineUnlock/magazine-unlock-01-2.3.11722-_06079B5870E2B62B0A499F0808266E69.jpg'),
(650,3,'/storage/emulated/0/Huawei/MagazineUnlock/magazine-unlock-01-2.3.11722-_D5230D8D5961762321214D80B865B02C.jpg'),
(651,3,'/storage/emulated/0/Huawei/MagazineUnlock/magazine-unlock-01-2.3.11792-_951A0B923C6E9E67184758CE8028D806.jpg'),
(652,3,'/storage/emulated/0/Huawei/MagazineUnlock/magazine-unlock-01-2.3.11862-_3126A8C15B4EB5E14F2A0AA947D38E17.jpg'),
(653,3,'/storage/emulated/0/Huawei/MagazineUnlock/magazine-unlock-01-2.3.11862-_F61FFAC7675B919EC3C7A54EA665F035.jpg'),
(654,3,'/storage/emulated/0/Huawei/MagazineUnlock/magazine-unlock-01-2.3.11932-_EF2AFAA915B7F797473588CB856FACB7.jpg'),
(655,3,'/storage/emulated/0/Huawei/MagazineUnlock/magazine-unlock-01-2.3.12002-_30447063878CB9F7349252E23C0C6031.jpg'),
(656,3,'/storage/emulated/0/Huawei/MagazineUnlock/magazine-unlock-01-2.3.12002-_3F2BC3457EB2880977BBF1AE29DF5B6E.jpg'),
(657,3,'/storage/emulated/0/Huawei/MagazineUnlock/magazine-unlock-01-2.3.12002-_6541A09AD9A8AA1DAE9D922EF1C78EC5.jpg'),
(658,3,'/storage/emulated/0/Huawei/MagazineUnlock/magazine-unlock-01-2.3.12072-_8AA7B1CC325BB0737E8651E376340AD9.jpg'),
(659,3,'/storage/emulated/0/Huawei/MagazineUnlock/magazine-unlock-01-2.3.12072-_03319962B1C27B93E9EFE77649031F2E.jpg'),
(660,3,'/storage/emulated/0/Huawei/MagazineUnlock/magazine-unlock-01-2.3.12142-_4D40F8E1C8C8124637D7A71B225131DE.jpg'),
(661,3,'/storage/emulated/0/Huawei/MagazineUnlock/magazine-unlock-01-2.3.12142-_582A0682074687CF26ED843B49570417.jpg'),
(662,3,'/storage/emulated/0/Huawei/MagazineUnlock/magazine-unlock-01-2.3.12142-_31F7A1931451299A219D60488DB536DD.jpg'),
(663,3,'/storage/emulated/0/Huawei/MagazineUnlock/magazine-unlock-01-2.3.12142-_A34121E9EAE93F29C87CDEBC60D0DB9C.jpg'),
(664,3,'/storage/emulated/0/Huawei/MagazineUnlock/magazine-unlock-01-2.3.12142-_2856ECDF2635E8C1DEC0D06400C26BED.jpg'),
(665,3,'/storage/emulated/0/Huawei/MagazineUnlock/magazine-unlock-01-2.3.12352-_F3F1063659E352F9B46A5ABF43A2C57E.jpg'),
(666,3,'/storage/emulated/0/Huawei/MagazineUnlock/magazine-unlock-01-2.3.12352-_DF5E7517D034C210029216F5304CEC8E.jpg'),
(667,3,'/storage/emulated/0/Huawei/MagazineUnlock/magazine-unlock-01-2.3.12352-_DEF84F5ED76488AA8A1E0231E383928D.jpg'),
(668,3,'/storage/emulated/0/Huawei/MagazineUnlock/magazine-unlock-01-2.3.12352-_3959160204131DB13607923BC599255F.jpg'),
(669,3,'/storage/emulated/0/Huawei/MagazineUnlock/magazine-unlock-01-2.3.12422-_B6918D8E18CEEF0FCC696B4DC7C4CBEC.jpg'),
(670,3,'/storage/emulated/0/Huawei/MagazineUnlock/magazine-unlock-01-2.3.12422-_A6C854E9FB25804BC39601B78E0759D3.jpg'),
(671,3,'/storage/emulated/0/Huawei/MagazineUnlock/magazine-unlock-01-2.3.12422-_8B1DEA42A0503013854096BAF3BA0016.jpg'),
(672,3,'/storage/emulated/0/Huawei/MagazineUnlock/magazine-unlock-01-2.3.12422-_8E09E6E2BA0E426DBEF655A052FD2C77.jpg'),
(673,3,'/storage/emulated/0/Huawei/MagazineUnlock/magazine-unlock-01-2.3.12422-_292BB79FFA8E260D676776C45B991C0E.jpg'),
(674,3,'/storage/emulated/0/Huawei/MagazineUnlock/magazine-unlock-01-2.3.12702-_3753A6AC2011858DA888244B47417854.jpg'),
(675,3,'/storage/emulated/0/Huawei/MagazineUnlock/magazine-unlock-01-2.3.12702-_FC4B4FFDBD5C4E39C355A00D77402921.jpg'),
(676,3,'/storage/emulated/0/Huawei/MagazineUnlock/magazine-unlock-01-2.3.12702-_8701E6AFC64170F69AD64DD1E8BF37C9.jpg'),
(677,3,'/storage/emulated/0/Huawei/MagazineUnlock/magazine-unlock-01-2.3.12772-_9D673951770AC88BAF37F81508D35EA6.jpg'),
(678,3,'/storage/emulated/0/Huawei/MagazineUnlock/magazine-unlock-01-2.3.12772-_97FC2A7D370007E642C389F6B9567465.jpg'),
(679,3,'/storage/emulated/0/Huawei/MagazineUnlock/magazine-unlock-01-2.3.12842-_20D166D5121A41E1160E45ECB188A57A.jpg'),
(680,3,'/storage/emulated/0/Huawei/MagazineUnlock/magazine-unlock-01-2.3.12842-_17E9E21CE837808F1CA52C4CC6DDBC81.jpg'),
(681,3,'/storage/emulated/0/Huawei/MagazineUnlock/magazine-unlock-01-2.3.12912-_E35AA420ACCB9B3B87550BD6CCB10A47.jpg'),
(682,3,'/storage/emulated/0/Huawei/MagazineUnlock/magazine-unlock-01-2.3.12912-_6DEF544195E028389BA09B6F5C72CE93.jpg'),
(683,3,'/storage/emulated/0/Huawei/MagazineUnlock/magazine-unlock-01-2.3.12912-_53E86F4FDAE6129C5FF5A89858CA668A.jpg'),
(684,3,'/storage/emulated/0/Huawei/MagazineUnlock/magazine-unlock-01-2.3.12982-_FDBD922804816C75BDCD5AD3E45E416C.jpg'),
(685,3,'/storage/emulated/0/Huawei/MagazineUnlock/magazine-unlock-01-2.3.12982-_6E1F309CBF63D7F37F8A029D66FC5365.jpg'),
(686,3,'/storage/emulated/0/Huawei/MagazineUnlock/magazine-unlock-01-2.3.13052-_B88134C067407E0723DA3C037BEC6298.jpg'),
(687,3,'/storage/emulated/0/Huawei/MagazineUnlock/magazine-unlock-01-2.3.13122-_267E6BEFC74D17795C3BDF4C17344BBA.jpg'),
(688,3,'/storage/emulated/0/Huawei/MagazineUnlock/magazine-unlock-01-2.3.11302-_055EA12957C77C9FF8986601D258D355.jpg'),
(689,3,'/storage/emulated/0/Huawei/MagazineUnlock/magazine-unlock-01-2.3.11302-_55AEEB072ECA09DAB3F4157FB8FC8DEC.jpg'),
(690,3,'/storage/emulated/0/Huawei/MagazineUnlock/magazine-unlock-01-2.3.11302-_13827DB9EAE137703E8031051A1ECB79.jpg'),
(691,3,'/storage/emulated/0/Huawei/MagazineUnlock/magazine-unlock-01-2.3.11362-_CC8A4A5207D1323D3131E11A8811E186.jpg'),
(692,3,'/storage/emulated/0/Huawei/MagazineUnlock/magazine-unlock-01-2.3.11432-_234E48CF02E907D26C8D0018FF5407F4.jpg'),
(693,3,'/storage/emulated/0/Huawei/MagazineUnlock/magazine-unlock-01-2.3.11432-_63CD351F5914D8B4E118814617F46ED7.jpg'),
(694,3,'/storage/emulated/0/Huawei/MagazineUnlock/magazine-unlock-01-2.3.11432-_4A73E704B37B282EEAF22EC5CC0367DC.jpg'),
(695,3,'/storage/emulated/0/Huawei/MagazineUnlock/magazine-unlock-01-2.3.11432-_E7A108D609E49663A46E2EF0489E79BF.jpg'),
(696,3,'/storage/emulated/0/Huawei/MagazineUnlock/magazine-unlock-01-2.3.11502-_8AFDE2AAE9B19E9FED8B934F6AA87379.jpg'),
(697,3,'/storage/emulated/0/Huawei/MagazineUnlock/magazine-unlock-01-2.3.11502-_A095F6196F9C6611A6A36F942B385FCB.jpg'),
(698,3,'/storage/emulated/0/Huawei/MagazineUnlock/magazine-unlock-01-2.3.11502-_D28E517F885BE38BFCE6D3D80A46DCF4.jpg'),
(699,3,'/storage/emulated/0/Huawei/MagazineUnlock/magazine-unlock-01-2.3.11502-_D203749DDFEFC02418A59E0F1A4B6D7B.jpg'),
(700,3,'/storage/emulated/0/Huawei/MagazineUnlock/magazine-unlock-01-2.3.11572-_90EDD71CAD53FF0F8BAA81602E9DB8D4.jpg'),
(701,3,'/storage/emulated/0/Huawei/MagazineUnlock/magazine-unlock-01-2.3.11572-_ED73BF1FFC7819693F4875104D16C2DC.jpg'),
(702,3,'/storage/emulated/0/Huawei/MagazineUnlock/magazine-unlock-01-2.3.11572-_2DCB41C0353DC998DFE0CE21AD1C9DBB.jpg'),
(703,3,'/storage/emulated/0/Huawei/MagazineUnlock/magazine-unlock-01-2.3.11652-_0320739FC7EC91622DB801B26310B40E.jpg'),
(704,3,'/storage/emulated/0/Huawei/MagazineUnlock/magazine-unlock-01-2.3.11652-_E84D33DA8EE3575A5BD0C7660F2CE14C.jpg'),
(705,3,'/storage/emulated/0/Huawei/MagazineUnlock/magazine-unlock-01-2.3.11652-_CB148BD03ACADBD3933AFE87F1C9A0B1.jpg'),
(706,3,'/storage/emulated/0/Huawei/MagazineUnlock/magazine-unlock-01-2.3.11722-_FEC090AABF601E117965B44702F001AE.jpg'),
(707,3,'/storage/emulated/0/Huawei/MagazineUnlock/magazine-unlock-01-2.3.11792-_BCF37E2E971F553C6B0666C2A3AA6B06.jpg'),
(708,3,'/storage/emulated/0/Huawei/MagazineUnlock/magazine-unlock-01-2.3.11792-_1F7164D0055FD236EE8AC964F2C29D77.jpg'),
(709,3,'/storage/emulated/0/Huawei/MagazineUnlock/magazine-unlock-01-2.3.11792-_8FEDC6CAB109B3DCD1E9F1173CE6D9A8.jpg'),
(710,3,'/storage/emulated/0/Huawei/MagazineUnlock/magazine-unlock-01-2.3.11792-_0E9932E1ADE1F112ED06F2236BA2F402.jpg'),
(711,3,'/storage/emulated/0/Huawei/MagazineUnlock/magazine-unlock-01-2.3.11792-_9B08B830A7E56F0A144A7C6CCE0D911A.jpg'),
(712,3,'/storage/emulated/0/Huawei/MagazineUnlock/magazine-unlock-01-2.3.11792-_B3A194FBACCAA7EF47948AB392BD066E.jpg'),
(713,3,'/storage/emulated/0/Huawei/MagazineUnlock/magazine-unlock-01-2.3.11792-_6718AFBB310E66003C591F83FC0FA98E.jpg'),
(714,3,'/storage/emulated/0/Huawei/MagazineUnlock/magazine-unlock-01-2.3.11862-_34CDE15607B6EAE24894D6E99865A856.jpg'),
(715,3,'/storage/emulated/0/Huawei/MagazineUnlock/magazine-unlock-01-2.3.11862-_11032B856DD5A7CC242E7EE89975DBE1.jpg'),
(716,3,'/storage/emulated/0/Huawei/MagazineUnlock/magazine-unlock-01-2.3.11862-_EA3ABE5AA5BCBD54CEB2E089DCA9DCCD.jpg'),
(717,3,'/storage/emulated/0/Huawei/MagazineUnlock/magazine-unlock-01-2.3.11862-_128640AC5E253122C84649D72288B75F.jpg'),
(718,3,'/storage/emulated/0/Huawei/MagazineUnlock/magazine-unlock-01-2.3.11932-_A049F85A7F7599750FE83142EB2ED231.jpg'),
(719,3,'/storage/emulated/0/Huawei/MagazineUnlock/magazine-unlock-01-2.3.11932-_48E95B6B8FD51E954A37834EBC2228BA.jpg'),
(720,3,'/storage/emulated/0/Huawei/MagazineUnlock/magazine-unlock-01-2.3.11932-_77C2EDBA323B2460AD7128B73C891249.jpg'),
(721,3,'/storage/emulated/0/Huawei/MagazineUnlock/magazine-unlock-01-2.3.11932-_2641F1C5C8E6D0984883FCB635AE5AD5.jpg'),
(722,3,'/storage/emulated/0/Huawei/MagazineUnlock/magazine-unlock-01-2.3.12002-_56D25D3E3785B3A1ADCEA53EBFFAC5DE.jpg'),
(723,3,'/storage/emulated/0/Huawei/MagazineUnlock/magazine-unlock-01-2.3.12002-_087EA994A24038B0F6E7B91895685177.jpg'),
(724,3,'/storage/emulated/0/Huawei/MagazineUnlock/magazine-unlock-01-2.3.12002-_4612AC9AFC267D6BBC13F5CCD5EF3ED2.jpg'),
(725,3,'/storage/emulated/0/Huawei/MagazineUnlock/magazine-unlock-01-2.3.12072-_7D255B72DB6B06520C0FF73EFCBEB003.jpg'),
(726,3,'/storage/emulated/0/Huawei/MagazineUnlock/magazine-unlock-01-2.3.12072-_A0A0002AEAAAE361B9FB7B6405F17073.jpg'),
(727,3,'/storage/emulated/0/Huawei/MagazineUnlock/magazine-unlock-01-2.3.12142-_BB701CF38C873404C96D7024CAFDCFBF.jpg'),
(728,3,'/storage/emulated/0/Huawei/MagazineUnlock/magazine-unlock-01-2.3.12212-_69639202EE85EFA5B812FD7F16DD0806.jpg'),
(729,3,'/storage/emulated/0/Huawei/MagazineUnlock/magazine-unlock-01-2.3.12212-_A5DC8E9E6DBA812B6712E33B565E2F11.jpg'),
(730,3,'/storage/emulated/0/Huawei/MagazineUnlock/magazine-unlock-01-2.3.12212-_1B6B618A64CFE64C7167A9976333F714.jpg'),
(731,3,'/storage/emulated/0/Huawei/MagazineUnlock/magazine-unlock-01-2.3.12212-_96EE50B8A82C5E8280A772569BE7E926.jpg'),
(732,3,'/storage/emulated/0/Huawei/MagazineUnlock/magazine-unlock-01-2.3.12352-_D069966B58E4A0D658065E1205DF1F50.jpg'),
(733,3,'/storage/emulated/0/Huawei/MagazineUnlock/magazine-unlock-01-2.3.12352-_01E8A5D40ECC74B1C0023C6490E587D5.jpg'),
(734,3,'/storage/emulated/0/Huawei/MagazineUnlock/magazine-unlock-01-2.3.12982-_1AC5923669F5BFFE8AD6278D7B2B7157.jpg'),
(735,3,'/storage/emulated/0/Huawei/MagazineUnlock/magazine-unlock-01-2.3.12982-_21767F1287FC8D32F8B22321065A7782.jpg'),
(736,3,'/storage/emulated/0/Huawei/MagazineUnlock/magazine-unlock-01-2.3.12982-_6AEFC37B11DC04908609200520D41026.jpg'),
(737,3,'/storage/emulated/0/Huawei/MagazineUnlock/magazine-unlock-01-2.3.13122-_220D213EE5336A2D6FA11CCF2FCD140B.jpg'),
(738,3,'/storage/emulated/0/Huawei/MagazineUnlock/magazine-unlock-01-2.3.13192-_EAFB89BBC008610A7AA583024E5E36C5.jpg'),
(739,3,'/storage/emulated/0/Huawei/MagazineUnlock/magazine-unlock-01-2.3.13192-_C6B864CCCA5CEBD06CE333B927430B86.jpg'),
(740,3,'/storage/emulated/0/Huawei/MagazineUnlock/magazine-unlock-01-2.3.2022101401-_93B2664F6640396F2F9DDE7920AA76E7.jpg'),
(741,3,'/storage/emulated/0/Huawei/MagazineUnlock/magazine-unlock-01-2.3.2022102101-_C1F8234D63EA8C535B24727584632611.jpg'),
(742,3,'/storage/emulated/0/Huawei/MagazineUnlock/magazine-unlock-01-2.3.2022102801-_CE11F4CB66FAB7829D292AEC9954A272.jpg'),
(743,3,'/storage/emulated/0/Huawei/MagazineUnlock/magazine-unlock-01-2.3.2022102801-_F0ABE4D7C32FF7B8752EC37F9164DE6D.jpg'),
(744,3,'/storage/emulated/0/Huawei/MagazineUnlock/magazine-unlock-01-2.3.2022102801-_CEEBF8CD3ABF2845FC0CBF194DAC75EB.jpg'),
(745,3,'/storage/emulated/0/Huawei/MagazineUnlock/magazine-unlock-01-2.3.2022110401-_9A97233AE2FA36A4138C2F99B4880E65.jpg'),
(746,3,'/storage/emulated/0/Huawei/MagazineUnlock/magazine-unlock-01-2.3.2022110401-_5B6EFF948F6CC7073074B175C14F5CB7.jpg'),
(747,3,'/storage/emulated/0/Huawei/MagazineUnlock/magazine-unlock-01-2.3.2022111101-_1DB34DD3890D335829A46BCE20DA52D6.jpg'),
(748,3,'/storage/emulated/0/Huawei/MagazineUnlock/magazine-unlock-01-2.3.2022111801-_21B936AC4C900E431F27FDB65A150F66.jpg'),
(749,3,'/storage/emulated/0/Huawei/MagazineUnlock/magazine-unlock-01-2.3.2022120201-_5E3F04F7B468984167A0919A7377E4A5.jpg'),
(750,3,'/storage/emulated/0/Huawei/MagazineUnlock/magazine-unlock-01-2.3.2023010601-_EEB2E53BAD14B9D38BC1C8A933404FB1.jpg'),
(751,3,'/storage/emulated/0/Huawei/MagazineUnlock/magazine-unlock-01-2.3.12982-_C862960A0D068B7CD5929FDFF593360E.jpg'),
(752,3,'/storage/emulated/0/Huawei/MagazineUnlock/magazine-unlock-01-2.3.12982-_465E404449FA32682C4D63C5EE961246.jpg'),
(753,3,'/storage/emulated/0/Huawei/MagazineUnlock/magazine-unlock-01-2.3.13052-_1C16AB863CC523DAE2239ADA8B2C3BC9.jpg'),
(754,3,'/storage/emulated/0/Huawei/MagazineUnlock/magazine-unlock-01-2.3.13192-_4F2F047DCC36D09E06665D21E69EA123.jpg'),
(755,3,'/storage/emulated/0/Huawei/MagazineUnlock/magazine-unlock-01-2.3.13192-_B43B3D28613E4F3EF72E3235ED44E8CF.jpg'),
(756,3,'/storage/emulated/0/Huawei/MagazineUnlock/magazine-unlock-01-2.3.2022101401-_421C5A9ED31BA88059031E9D6062F726.jpg'),
(757,3,'/storage/emulated/0/Huawei/MagazineUnlock/magazine-unlock-01-2.3.2022102801-_E510012F0452AA02DE3C32FC4B0A1A3E.jpg'),
(758,3,'/storage/emulated/0/Huawei/MagazineUnlock/magazine-unlock-01-2.3.2022110401-_866EE361CC5A18C6A397FF7A569E9011.jpg'),
(759,3,'/storage/emulated/0/Huawei/MagazineUnlock/magazine-unlock-01-2.3.2022110401-_1708233CBE6C79FC5D08602622A5FAC9.jpg'),
(760,3,'/storage/emulated/0/Huawei/MagazineUnlock/magazine-unlock-01-2.3.2022111801-_D6E399E039D3E4D9DA6537D0837CEC4C.jpg'),
(761,3,'/storage/emulated/0/Huawei/MagazineUnlock/magazine-unlock-01-2.3.2022111801-_79B67353E39BB5C1A845F14604DFD1D5.jpg'),
(762,3,'/storage/emulated/0/Huawei/MagazineUnlock/magazine-unlock-01-2.3.2022120201-_BF378DB520C496D78DBD59F159BD941B.jpg'),
(763,3,'/storage/emulated/0/Huawei/MagazineUnlock/magazine-unlock-01-2.3.2023010601-_9034BA9F38A48A0FC8CA52DCF3C0C4EA.jpg'),
(764,3,'/storage/emulated/0/Huawei/MagazineUnlock/magazine-unlock-01-2.3.13122-_31F19E304FB4D08FC928F9027876BAC9.jpg'),
(765,3,'/storage/emulated/0/Huawei/MagazineUnlock/magazine-unlock-01-2.3.2022101401-_46E091A3FF304496A360816816C3274E.jpg'),
(766,3,'/storage/emulated/0/Huawei/MagazineUnlock/magazine-unlock-01-2.3.2022102101-_6B520BC0E9232FD59910347A7BD49C28.jpg'),
(767,3,'/storage/emulated/0/Huawei/MagazineUnlock/magazine-unlock-01-2.3.2022102801-_37C623CF7C9BAFA5579DF89913C67C07.jpg'),
(768,3,'/storage/emulated/0/Huawei/MagazineUnlock/magazine-unlock-01-2.3.2022111101-_A94B01FB25D73F63D25AE2658A1D477D.jpg'),
(769,3,'/storage/emulated/0/Huawei/MagazineUnlock/magazine-unlock-01-2.3.2022111101-_03F5133C5449C4DAC7D1F1801EE2A042.jpg'),
(770,3,'/storage/emulated/0/Huawei/MagazineUnlock/magazine-unlock-01-2.3.2022111101-_5D40A31E0AF5EAFC679DD757671CFBFF.jpg'),
(771,3,'/storage/emulated/0/Huawei/MagazineUnlock/magazine-unlock-01-2.3.2022111101-_41D2784CCB216A0199658C7C773596A9.jpg'),
(772,3,'/storage/emulated/0/Huawei/MagazineUnlock/magazine-unlock-01-2.3.2022111801-_548ABBBC1B46CEEF48CEF3D81FC30D96.jpg'),
(773,3,'/storage/emulated/0/Huawei/MagazineUnlock/magazine-unlock-01-2.3.2022120201-_9BDBBCDD758A6CA2AA2247AAC75410B2.jpg'),
(774,3,'/storage/emulated/0/Huawei/MagazineUnlock/magazine-unlock-01-2.3.2023010601-_1E6EB298D94951047088F0A70D2DEB63.jpg'),
(775,3,'/storage/emulated/0/Huawei/MagazineUnlock/magazine-unlock-01-2.3.2023010601-_1A9C4B184201BF53B4B59E9F6895566A.jpg'),
(776,3,'/storage/emulated/0/Huawei/MagazineUnlock/magazine-unlock-01-2.3.2023010601-_D68A265F719440FBA0F892F332FF6986.jpg'),
(777,3,'/storage/emulated/0/Huawei/MagazineUnlock/magazine-unlock-01-2.3.12772-_8BCCF1CFF1795FEA8ABC58F293565DBE.jpg'),
(778,3,'/storage/emulated/0/Huawei/MagazineUnlock/magazine-unlock-01-2.3.12772-_6D52E78536700891ABF5A251DF6B9357.jpg'),
(779,3,'/storage/emulated/0/Huawei/MagazineUnlock/magazine-unlock-01-2.3.12772-_8670C278217F76BADCB44B4ED63B330A.jpg'),
(780,3,'/storage/emulated/0/Huawei/MagazineUnlock/magazine-unlock-01-2.3.12912-_BEC4354BF7D2DC59EEF9C5C601866221.jpg'),
(781,3,'/storage/emulated/0/Huawei/MagazineUnlock/magazine-unlock-01-2.3.12912-_B8580441F7603D2DAB85DAC6CED085AD.jpg'),
(782,3,'/storage/emulated/0/Huawei/MagazineUnlock/magazine-unlock-01-2.3.12912-_3B86728F335761A24C16234D71962F14.jpg'),
(783,3,'/storage/emulated/0/Huawei/MagazineUnlock/magazine-unlock-01-2.3.12982-_1F3E0DDF6AE9FDD483F61A2654E8E0E7.jpg'),
(784,3,'/storage/emulated/0/Huawei/MagazineUnlock/magazine-unlock-01-2.3.13122-_351ACFE59EBDD1EA76EF2539332A5F7C.jpg'),
(785,3,'/storage/emulated/0/Huawei/MagazineUnlock/magazine-unlock-01-2.3.13192-_00293A12609A8898421DDC12D085EE2E.jpg'),
(786,3,'/storage/emulated/0/Huawei/MagazineUnlock/magazine-unlock-01-2.3.13192-_E1C46BB453E0BA3BAFCEE73B8C927FFA.jpg'),
(787,3,'/storage/emulated/0/Huawei/MagazineUnlock/magazine-unlock-01-2.3.2022101401-_A599A956418E579F5D5AA9036F82702D.jpg'),
(788,3,'/storage/emulated/0/Huawei/MagazineUnlock/magazine-unlock-01-2.3.2022101401-_86BBC5E7E6C4E948EA06EC15FE320DD2.jpg'),
(789,3,'/storage/emulated/0/Huawei/MagazineUnlock/magazine-unlock-01-2.3.2022102801-_4249FCE9C9F7C75652F55317AC626103.jpg'),
(790,3,'/storage/emulated/0/Huawei/MagazineUnlock/magazine-unlock-01-2.3.2022102801-_EF91F585396E62DD34DD6D88DCF2DA28.jpg'),
(791,3,'/storage/emulated/0/Huawei/MagazineUnlock/magazine-unlock-01-2.3.2022102801-_63785070BE4CC2B02A0918443157470C.jpg'),
(792,3,'/storage/emulated/0/Huawei/MagazineUnlock/magazine-unlock-01-2.3.2022110401-_C613FFF1B3390135BFE19626BDC0C163.jpg'),
(793,3,'/storage/emulated/0/Huawei/MagazineUnlock/magazine-unlock-01-2.3.2022111101-_37EC429F2DBEB3B19655A88C8A531BDD.jpg'),
(794,3,'/storage/emulated/0/Huawei/MagazineUnlock/magazine-unlock-01-2.3.2022111801-_F8DA2C86E553E84E4C4B8043DF382AD1.jpg'),
(795,3,'/storage/emulated/0/Huawei/MagazineUnlock/magazine-unlock-01-2.3.2022120201-_C484E73951CF63E5D026574AA355BCC9.jpg'),
(796,3,'/storage/emulated/0/Huawei/MagazineUnlock/magazine-unlock-01-2.3.2023010601-_96C7E3C1E4132195F0D39E5FC3A865F5.jpg'),
(797,3,'/storage/emulated/0/Huawei/MagazineUnlock/magazine-unlock-01-2.3.12912-_D00885B432C3603A1A8869C3240478D1.jpg'),
(798,3,'/storage/emulated/0/Huawei/MagazineUnlock/magazine-unlock-01-2.3.13052-_C9361D0588265AEB6CFBBBC117A81D87.jpg'),
(799,3,'/storage/emulated/0/Huawei/MagazineUnlock/magazine-unlock-01-2.3.13052-_0FE441BE1A6C01E16C0AAE389B87E0F6.jpg'),
(800,3,'/storage/emulated/0/Huawei/MagazineUnlock/magazine-unlock-01-2.3.13052-_25CA975059575FC639FAB3A5048C1FA8.jpg'),
(801,3,'/storage/emulated/0/Huawei/MagazineUnlock/magazine-unlock-01-2.3.13052-_316C9577835782744F10D2E72E90A166.jpg'),
(802,3,'/storage/emulated/0/Huawei/MagazineUnlock/magazine-unlock-01-2.3.13122-_9DCED484248AD219DD475EC6F3010477.jpg'),
(803,3,'/storage/emulated/0/Huawei/MagazineUnlock/magazine-unlock-01-2.3.13122-_82E784A3D21E8A6CD674C1907AA2D3F5.jpg'),
(804,3,'/storage/emulated/0/Huawei/MagazineUnlock/magazine-unlock-01-2.3.13192-_6AB223641071CD6DF69F8EE31097356F.jpg'),
(805,3,'/storage/emulated/0/Huawei/MagazineUnlock/magazine-unlock-01-2.3.13192-_8B31491A4CB6B45C942CA18FDF35CE78.jpg'),
(806,3,'/storage/emulated/0/Huawei/MagazineUnlock/magazine-unlock-01-2.3.13192-_61A6FFE2AF9B120E66B28C5F1C8708DF.jpg'),
(807,3,'/storage/emulated/0/Huawei/MagazineUnlock/magazine-unlock-01-2.3.2022101401-_E72D74B762BCFD66178176BFB63A716E.jpg'),
(808,3,'/storage/emulated/0/Huawei/MagazineUnlock/magazine-unlock-01-2.3.2022101401-_8397121E1F0BB630191D5282DF33371E.jpg'),
(809,3,'/storage/emulated/0/Huawei/MagazineUnlock/magazine-unlock-01-2.3.2022102101-_FC6C71A25E64ECB6930C16DBB058AC76.jpg'),
(810,3,'/storage/emulated/0/Huawei/MagazineUnlock/magazine-unlock-01-2.3.2022102101-_5B5594AB4FE62E8E1AFD24FAB21DAAF5.jpg'),
(811,3,'/storage/emulated/0/Huawei/MagazineUnlock/magazine-unlock-01-2.3.2022102801-_84554CB025006B5F8C5E0DEAB18CDE67.jpg'),
(812,3,'/storage/emulated/0/Huawei/MagazineUnlock/magazine-unlock-01-2.3.2022110401-_EC393EEDBFD07332F204D2B21E6BC3BE.jpg'),
(813,3,'/storage/emulated/0/Huawei/MagazineUnlock/magazine-unlock-01-2.3.2022110401-_87AADE2D4A704A6B8459AA6A734CA725.jpg'),
(814,3,'/storage/emulated/0/Huawei/MagazineUnlock/magazine-unlock-01-2.3.2022111101-_D9D5AFAA7F6EA0AFC025429AC2C603DA.jpg'),
(815,3,'/storage/emulated/0/Huawei/MagazineUnlock/magazine-unlock-01-2.3.2022111801-_78E1492D13F46FFF6CB69FD81716E8BD.jpg'),
(816,3,'/storage/emulated/0/Huawei/MagazineUnlock/magazine-unlock-01-2.3.2022111801-_0E40AE7E3E29592A807182E6D6DEF3D3.jpg'),
(817,3,'/storage/emulated/0/Huawei/MagazineUnlock/magazine-unlock-01-2.3.2022111801-_F8AB9D6B3D68668C51C3AB4D0648949B.jpg'),
(818,3,'/storage/emulated/0/Huawei/MagazineUnlock/magazine-unlock-01-2.3.2022120201-_16AB5F4FFFBCA4A8D954AEEAF38D4F3B.jpg'),
(819,3,'/storage/emulated/0/Huawei/MagazineUnlock/magazine-unlock-01-2.3.2022120201-_15ACF4165527286CA5722E0DB76D3404.jpg'),
(820,3,'/storage/emulated/0/Huawei/MagazineUnlock/magazine-unlock-01-2.3.2023010601-_E4DCBF1BCC6BDA8EA10B36DB4F202180.jpg'),
(821,3,'/storage/emulated/0/Huawei/MagazineUnlock/magazine-unlock-01-2.3.2023010601-_3C2C66353291FB27B513A7E5B8719BF7.jpg'),
(822,3,'/storage/emulated/0/Huawei/MagazineUnlock/magazine-unlock-01-2.3.12982-_6F6D563F6D9E50280CB6059457307B8C.jpg'),
(823,3,'/storage/emulated/0/Huawei/MagazineUnlock/magazine-unlock-01-2.3.13052-_CBDD2F27D46D106CFFF71893651CF884.jpg'),
(824,3,'/storage/emulated/0/Huawei/MagazineUnlock/magazine-unlock-01-2.3.13122-_ED61E96127B606ADB8541E4576053994.jpg'),
(825,3,'/storage/emulated/0/Huawei/MagazineUnlock/magazine-unlock-01-2.3.2022101401-_6560D9109F5AD41F3C272F0DB84AD257.jpg'),
(826,3,'/storage/emulated/0/Huawei/MagazineUnlock/magazine-unlock-01-2.3.2022102101-_CD9521754A386BFA9B1D798A8ADF5501.jpg'),
(827,3,'/storage/emulated/0/Huawei/MagazineUnlock/magazine-unlock-01-2.3.2022102101-_D2350451C7F0FFC6876C25D1D681D571.jpg'),
(828,3,'/storage/emulated/0/Huawei/MagazineUnlock/magazine-unlock-01-2.3.2022102101-_516EFD2EA9906F57DF761C2F3D844D82.jpg'),
(829,3,'/storage/emulated/0/Huawei/MagazineUnlock/magazine-unlock-01-2.3.2022110401-_E2EEC4D64A1A0F74349FD2ADEE10C2C9.jpg'),
(830,3,'/storage/emulated/0/Huawei/MagazineUnlock/magazine-unlock-01-2.3.2022111801-_81CCBB860446B6C395712516CB761A11.jpg'),
(831,3,'/storage/emulated/0/Huawei/MagazineUnlock/magazine-unlock-01-2.3.2022111801-_6E16E8D996128CA0A85C31E7AFD97F84.jpg'),
(832,3,'/storage/emulated/0/Huawei/MagazineUnlock/magazine-unlock-01-2.3.2022120201-_1B6F0CEAA0CFF9EC0508CDBC5D71899E.jpg'),
(833,3,'/storage/emulated/0/Huawei/MagazineUnlock/magazine-unlock-01-2.3.13122-_95600E151C33D4F7CF2F1275C202756E.jpg'),
(834,3,'/storage/emulated/0/Huawei/MagazineUnlock/magazine-unlock-01-2.3.13122-_8ABDE81D6DED481239233184ADA0B442.jpg'),
(835,3,'/storage/emulated/0/Huawei/MagazineUnlock/magazine-unlock-01-2.3.13122-_95F6D3B88802C4E65C5550C6FBB50905.jpg'),
(836,3,'/storage/emulated/0/Huawei/MagazineUnlock/magazine-unlock-01-2.3.2022101401-_D6202700D51629D9ECE31D05AD16EDC5.jpg'),
(837,3,'/storage/emulated/0/Huawei/MagazineUnlock/magazine-unlock-01-2.3.2022102101-_D8377EC741363883789796F6271E02EC.jpg'),
(838,3,'/storage/emulated/0/Huawei/MagazineUnlock/magazine-unlock-01-2.3.2022110401-_D9A24B85A3F05683B83FB00F2DC91446.jpg'),
(839,3,'/storage/emulated/0/Huawei/MagazineUnlock/magazine-unlock-01-2.3.2022110401-_3BAD4B24BE28332BCE93206D61658305.jpg'),
(840,3,'/storage/emulated/0/Huawei/MagazineUnlock/magazine-unlock-01-2.3.2022111101-_B004DEFF5A926D03E2CC71A290A9D037.jpg'),
(841,3,'/storage/emulated/0/Huawei/MagazineUnlock/magazine-unlock-01-2.3.2022111101-_6D58DE79F66862056F1801EAC83A57C1.jpg'),
(842,3,'/storage/emulated/0/Huawei/MagazineUnlock/magazine-unlock-01-2.3.2022111101-_1B8F991D39AEDF9C56CE207EE55B5338.jpg'),
(843,3,'/storage/emulated/0/Huawei/MagazineUnlock/magazine-unlock-01-2.3.2022120201-_8538071B166F8A8A9969DBE939E2F9C6.jpg'),
(844,3,'/storage/emulated/0/Huawei/MagazineUnlock/magazine-unlock-01-2.3.2022120201-_F3F0D33581C11E95B42BBCF782F2E111.jpg'),
(845,3,'/storage/emulated/0/Huawei/MagazineUnlock/magazine-unlock-01-2.3.2023010601-_5DDA2D97CC99229F67DAB4AA70E8F6EF.jpg'),
(846,3,'/storage/emulated/0/Huawei/MagazineUnlock/magazine-unlock-01-2.3.12352-_A331F35C8B6B65BC588F86A8624D7B23.jpg'),
(847,3,'/storage/emulated/0/Huawei/MagazineUnlock/magazine-unlock-01-2.3.12702-_4FB32F19FF7A593DEBF9A1FD0062BA92.jpg'),
(848,3,'/storage/emulated/0/Huawei/MagazineUnlock/magazine-unlock-01-2.3.12842-_4D41B7E31589556416BF13E412AD8123.jpg'),
(849,3,'/storage/emulated/0/Huawei/MagazineUnlock/magazine-unlock-01-2.3.13052-_183D9C73B92EA8507F1CE87DC06C0FE9.jpg'),
(850,3,'/storage/emulated/0/Huawei/MagazineUnlock/magazine-unlock-01-2.3.13052-_F51AB617911C93066FD125E07D926986.jpg'),
(851,3,'/storage/emulated/0/Huawei/MagazineUnlock/magazine-unlock-01-2.3.13052-_4129CE89FE45D4ABFCF9E705056E480D.jpg'),
(852,3,'/storage/emulated/0/Huawei/MagazineUnlock/magazine-unlock-01-2.3.13192-_3C110F4E3E55EFABC152E0D29A9640AB.jpg'),
(853,3,'/storage/emulated/0/Huawei/MagazineUnlock/magazine-unlock-01-2.3.2022101401-_C22BB34D5E1EE611CC1ADB87224C4C27.jpg'),
(854,3,'/storage/emulated/0/Huawei/MagazineUnlock/magazine-unlock-01-2.3.2022102101-_BAD0384F77256809CBC534E8B4C8C131.jpg'),
(855,3,'/storage/emulated/0/Huawei/MagazineUnlock/magazine-unlock-01-2.3.2022102101-_423CE6D7DF06B03855193E0F76BC87FB.jpg'),
(856,3,'/storage/emulated/0/Huawei/MagazineUnlock/magazine-unlock-01-2.3.2022102801-_198AA9B732CF7260B1A8B1CC108FA197.jpg'),
(857,3,'/storage/emulated/0/Huawei/MagazineUnlock/magazine-unlock-01-2.3.2022120201-_9C183C0523D3BD8AD96A951050AA92C9.jpg'),
(858,3,'/storage/emulated/0/Huawei/MagazineUnlock/magazine-unlock-01-2.3.2023010601-_166DECB4254F4E8C51A6DC803389CA37.jpg'),
(859,3,'/storage/emulated/0/Huawei/Themes/.cache/Default.hwt/preview/icon_small.jpg'),
(860,3,'/storage/emulated/0/Huawei/Themes/.cache/Default.hwt/preview/preview_icons_0.jpg'),
(861,3,'/storage/emulated/0/Huawei/Themes/.cache/Default.hwt/preview/preview_unlock_0.jpg'),
(862,3,'/storage/emulated/0/Huawei/Themes/.cache/Default.hwt/preview/preview_widget_0.jpg'),
(863,3,'/storage/emulated/0/Huawei/Themes/.cache/Default.hwt/wallpaper/home_wallpaper_0.jpg'),
(864,3,'/storage/emulated/0/Huawei/Themes/.cache/Default.hwt/wallpaper/home_wallpaper_1.jpg'),
(865,3,'/storage/emulated/0/Huawei/Themes/.cache/Default.hwt/wallpaper/home_wallpaper_2.jpg'),
(866,3,'/storage/emulated/0/Huawei/Themes/.cache/Default.hwt/wallpaper/home_wallpaper_3.jpg'),
(867,3,'/storage/emulated/0/Huawei/Themes/.cache/Default.hwt/wallpaper/home_wallpaper_4.jpg'),
(868,3,'/storage/emulated/0/Huawei/Themes/.cache/IndianTheme.hwt/preview/cover.jpg'),
(869,3,'/storage/emulated/0/Huawei/Themes/.cache/IndianTheme.hwt/preview/preview_contacts_0.jpg'),
(870,3,'/storage/emulated/0/Huawei/Themes/.cache/IndianTheme.hwt/preview/preview_contacts_1.jpg'),
(871,3,'/storage/emulated/0/Huawei/Themes/.cache/IndianTheme.hwt/preview/preview_contacts_2.jpg'),
(872,3,'/storage/emulated/0/Huawei/Themes/.cache/IndianTheme.hwt/preview/preview_icons_0.jpg'),
(873,3,'/storage/emulated/0/Huawei/Themes/.cache/IndianTheme.hwt/preview/preview_unlock_0.jpg'),
(874,3,'/storage/emulated/0/Huawei/Themes/.cache/IndianTheme.hwt/preview/preview_widget_0.jpg'),
(875,3,'/storage/emulated/0/Huawei/Themes/.cache/IndianTheme.hwt/wallpaper/home_wallpaper_0.jpg'),
(876,3,'/storage/emulated/0/Huawei/Themes/.cache/IndianTheme.hwt/wallpaper/unlock_wallpaper_1.jpg'),
(877,3,'/storage/emulated/0/Huawei/Themes/.cache/HWFont.hwt/fonts/pic_font_default.jpg'),
(878,3,'/storage/emulated/0/Pictures/Screenshots/Screenshot_20221206-172551.jpg'),
(879,3,'/storage/emulated/0/Pictures/Screenshots/Screenshot_20221206-174413.jpg'),
(880,3,'/storage/emulated/0/Pictures/Screenshots/Screenshot_20221206-174419.jpg'),
(881,3,'/storage/emulated/0/Pictures/Screenshots/Screenshot_20221223-160606.jpg'),
(882,3,'/storage/emulated/0/Pictures/Screenshots/Screenshot_20221223-160642.jpg'),
(883,3,'/storage/emulated/0/Pictures/Screenshots/Screenshot_20230110-215812.jpg'),
(884,3,'/storage/emulated/0/PictureFront__20224424024415.jpg'),
(885,3,'/storage/emulated/0/PictureFront__20222224032209.jpg'),
(886,3,'/storage/emulated/0/PictureFront__20222224032218.jpg'),
(887,3,'/storage/emulated/0/PictureFront__20222224032235.jpg'),
(888,3,'/storage/emulated/0/PictureFront__20222224032236.jpg'),
(889,3,'/storage/emulated/0/PictureFront__20222324032353.jpg'),
(890,3,'/storage/emulated/0/PictureFront__20222424032411.jpg'),
(891,3,'/storage/emulated/0/PictureFront__20222424032436.jpg'),
(892,3,'/storage/emulated/0/PictureFront__20222424032437.jpg'),
(893,3,'/storage/emulated/0/PictureFront__20224324034320.jpg'),
(894,3,'/storage/emulated/0/PictureFront__20224324034332.jpg'),
(895,3,'/storage/emulated/0/PictureFront__20224724034757.jpg'),
(896,3,'/storage/emulated/0/PictureFront__20224824034817.jpg'),
(897,3,'/storage/emulated/0/PictureFront__20220107030122.jpg'),
(898,3,'/storage/emulated/0/PictureFront__20220107030157.jpg'),
(899,3,'/storage/emulated/0/PictureFront__20220107030158.jpg'),
(900,3,'/storage/emulated/0/f1530316-a587-4841-ace8-643ffab84a09abc.jpg'),
(901,3,'');

/*Table structure for table `location` */

DROP TABLE IF EXISTS `location`;

CREATE TABLE `location` (
  `loc_id` int(11) NOT NULL AUTO_INCREMENT,
  `child_id` int(11) DEFAULT NULL,
  `longitude` varchar(30) DEFAULT NULL,
  `lattitude` varchar(40) DEFAULT NULL,
  `date` date DEFAULT NULL,
  `time` varchar(30) DEFAULT NULL,
  PRIMARY KEY (`loc_id`)
) ENGINE=InnoDB AUTO_INCREMENT=4 DEFAULT CHARSET=latin1;

/*Data for the table `location` */

insert  into `location`(`loc_id`,`child_id`,`longitude`,`lattitude`,`date`,`time`) values 
(1,2,'76.2862076','9.9763054','2023-01-17','15:30:56'),
(2,4,'76.28621935844421','9.97633695602417','2023-02-19','13:58:08'),
(3,3,'76.28620326519012','9.97632086277008','2023-02-19','14:02:12');

/*Table structure for table `login` */

DROP TABLE IF EXISTS `login`;

CREATE TABLE `login` (
  `log_id` int(11) NOT NULL AUTO_INCREMENT,
  `username` varchar(40) DEFAULT NULL,
  `password` varchar(40) DEFAULT NULL,
  `type` varchar(30) DEFAULT NULL,
  PRIMARY KEY (`log_id`)
) ENGINE=InnoDB AUTO_INCREMENT=2 DEFAULT CHARSET=latin1;

/*Data for the table `login` */

insert  into `login`(`log_id`,`username`,`password`,`type`) values 
(1,'shaji','123','parent');

/*Table structure for table `msg` */

DROP TABLE IF EXISTS `msg`;

CREATE TABLE `msg` (
  `msg_id` int(11) NOT NULL AUTO_INCREMENT,
  `child_id` int(11) DEFAULT NULL,
  `number` varchar(20) DEFAULT NULL,
  `type` varchar(30) DEFAULT NULL,
  `date` date DEFAULT NULL,
  `time` varchar(30) DEFAULT NULL,
  `msg` varchar(70) DEFAULT NULL,
  PRIMARY KEY (`msg_id`)
) ENGINE=InnoDB AUTO_INCREMENT=2 DEFAULT CHARSET=latin1;

/*Data for the table `msg` */

insert  into `msg`(`msg_id`,`child_id`,`number`,`type`,`date`,`time`,`msg`) values 
(1,2,' 919526610862','incoming','2023-01-17','15:27:38','Hjdjnddjd');

/*Table structure for table `parent` */

DROP TABLE IF EXISTS `parent`;

CREATE TABLE `parent` (
  `parent_id` int(11) NOT NULL AUTO_INCREMENT,
  `log_id` int(11) DEFAULT NULL,
  `first_name` varchar(40) DEFAULT NULL,
  `last_name` varchar(40) DEFAULT NULL,
  `phn` varchar(20) DEFAULT NULL,
  `email` varchar(40) DEFAULT NULL,
  `children_no` int(11) DEFAULT NULL,
  `house_name` varchar(50) DEFAULT NULL,
  `place` varchar(50) DEFAULT NULL,
  PRIMARY KEY (`parent_id`)
) ENGINE=InnoDB AUTO_INCREMENT=2 DEFAULT CHARSET=latin1;

/*Data for the table `parent` */

insert  into `parent`(`parent_id`,`log_id`,`first_name`,`last_name`,`phn`,`email`,`children_no`,`house_name`,`place`) values 
(1,1,'Shaji','Joseph','5252652521','shaji@gmail.com',2,'karackattu','idukki');

/*!40101 SET SQL_MODE=@OLD_SQL_MODE */;
/*!40014 SET FOREIGN_KEY_CHECKS=@OLD_FOREIGN_KEY_CHECKS */;
/*!40014 SET UNIQUE_CHECKS=@OLD_UNIQUE_CHECKS */;
/*!40111 SET SQL_NOTES=@OLD_SQL_NOTES */;
